"No.","Time","Source","Destination","Protocol","Length","Info"
"1","0.000000","192.168.29.166","104.18.157.37","TCP","55","49459  >  443 [ACK] Seq=1 Ack=1 Win=514 Len=1"
"2","0.029259","104.18.157.37","192.168.29.166","TCP","66","443  >  49459 [ACK] Seq=1 Ack=2 Win=16 Len=0 SLE=1 SRE=2"
"3","0.363420","34.95.44.106","192.168.29.166","TCP","54","443  >  65088 [ACK] Seq=1 Ack=1 Win=489 Len=0"
"4","0.363524","192.168.29.166","34.95.44.106","TCP","54","[TCP ACKed unseen segment] 65088  >  443 [ACK] Seq=1 Ack=2 Win=511 Len=0"
"5","2.350244","2405:201:681b:1166:40ad:f3d6:7ed6:6dc4","2405:201:681b:1166::c0a8:1d01","DNS","107","Standard query 0x8566 A roaming.officeapps.live.com"
"6","2.350485","2405:201:681b:1166:40ad:f3d6:7ed6:6dc4","2405:201:681b:1166::c0a8:1d01","DNS","107","Standard query 0x5c04 AAAA roaming.officeapps.live.com"
"7","2.365036","2405:201:681b:1166::c0a8:1d01","2405:201:681b:1166:40ad:f3d6:7ed6:6dc4","DNS","296","Standard query response 0x5c04 AAAA roaming.officeapps.live.com CNAME prod.roaming1.live.com.akadns.net CNAME asia.roaming1.live.com.akadns.net CNAME inc-azsc-000.roaming.officeapps.live.com CNAME osiprod-inc-buff-azsc-000.centralindia.cloudapp.azure.com AAAA 2603:1046:1400::7"
"8","2.374514","192.168.29.166","192.168.29.1","DNS","87","Standard query 0x8566 A roaming.officeapps.live.com"
"9","2.387917","192.168.29.1","192.168.29.166","DNS","264","Standard query response 0x8566 A roaming.officeapps.live.com CNAME prod.roaming1.live.com.akadns.net CNAME asia.roaming1.live.com.akadns.net CNAME inc-azsc-000.roaming.officeapps.live.com CNAME osiprod-inc-buff-azsc-000.centralindia.cloudapp.azure.com A 52.109.56.129"
"10","2.389498","2405:201:681b:1166:40ad:f3d6:7ed6:6dc4","2603:1046:1400::7","TCP","86","50355  >  443 [SYN] Seq=0 Win=64800 Len=0 MSS=1440 WS=256 SACK_PERM"
"11","2.429206","2603:1046:1400::7","2405:201:681b:1166:40ad:f3d6:7ed6:6dc4","TCP","86","443  >  50355 [SYN, ACK] Seq=0 Ack=1 Win=65535 Len=0 MSS=1400 WS=256 SACK_PERM"
"12","2.429498","2405:201:681b:1166:40ad:f3d6:7ed6:6dc4","2603:1046:1400::7","TCP","74","50355  >  443 [ACK] Seq=1 Ack=1 Win=131584 Len=0"
"13","2.430695","2405:201:681b:1166:40ad:f3d6:7ed6:6dc4","2603:1046:1400::7","TLSv1.2","266","Client Hello (SNI=roaming.officeapps.live.com)"
"14","2.471214","2603:1046:1400::7","2405:201:681b:1166:40ad:f3d6:7ed6:6dc4","TCP","1514","443  >  50355 [ACK] Seq=1 Ack=193 Win=4194304 Len=1440 [TCP PDU reassembled in 18]"
"15","2.471214","2603:1046:1400::7","2405:201:681b:1166:40ad:f3d6:7ed6:6dc4","TCP","1514","443  >  50355 [ACK] Seq=1441 Ack=193 Win=4194304 Len=1440 [TCP PDU reassembled in 18]"
"16","2.471214","2603:1046:1400::7","2405:201:681b:1166:40ad:f3d6:7ed6:6dc4","TCP","1514","443  >  50355 [ACK] Seq=2881 Ack=193 Win=4194304 Len=1440 [TCP PDU reassembled in 18]"
"17","2.471214","2603:1046:1400::7","2405:201:681b:1166:40ad:f3d6:7ed6:6dc4","TCP","1514","443  >  50355 [ACK] Seq=4321 Ack=193 Win=4194304 Len=1440 [TCP PDU reassembled in 18]"
"18","2.471214","2603:1046:1400::7","2405:201:681b:1166:40ad:f3d6:7ed6:6dc4","TLSv1.2","538","Server Hello, Certificate, Certificate Status, Server Key Exchange, Server Hello Done"
"19","2.471584","2405:201:681b:1166:40ad:f3d6:7ed6:6dc4","2603:1046:1400::7","TCP","74","50355  >  443 [ACK] Seq=193 Ack=5761 Win=131584 Len=0"
"20","2.487490","2405:201:681b:1166:40ad:f3d6:7ed6:6dc4","2603:1046:1400::7","TLSv1.2","232","Client Key Exchange, Change Cipher Spec, Encrypted Handshake Message"
"21","2.530447","2603:1046:1400::7","2405:201:681b:1166:40ad:f3d6:7ed6:6dc4","TLSv1.2","125","Change Cipher Spec, Encrypted Handshake Message"
"22","2.532148","2405:201:681b:1166:40ad:f3d6:7ed6:6dc4","2603:1046:1400::7","TLSv1.2","414","Application Data"
"23","2.532482","2405:201:681b:1166:40ad:f3d6:7ed6:6dc4","2603:1046:1400::7","TLSv1.2","2955","Application Data"
"24","2.573720","2603:1046:1400::7","2405:201:681b:1166:40ad:f3d6:7ed6:6dc4","TCP","74","443  >  50355 [ACK] Seq=6276 Ack=3572 Win=4194560 Len=0"
"25","2.819417","192.168.29.1","224.0.0.1","IGMPv3","50","Membership Query, general"
"26","3.025418","2603:1046:1400::7","2405:201:681b:1166:40ad:f3d6:7ed6:6dc4","TCP","1514","443  >  50355 [ACK] Seq=6276 Ack=3572 Win=4194560 Len=1440 [TCP PDU reassembled in 27]"
"27","3.025418","2603:1046:1400::7","2405:201:681b:1166:40ad:f3d6:7ed6:6dc4","TLSv1.2","76","Application Data"
"28","3.025731","2405:201:681b:1166:40ad:f3d6:7ed6:6dc4","2603:1046:1400::7","TCP","74","50355  >  443 [ACK] Seq=3572 Ack=7718 Win=131584 Len=0"
"29","3.089085","2405:201:681b:1166:40ad:f3d6:7ed6:6dc4","2603:1046:1400::7","TLSv1.2","414","Application Data"
"30","3.089329","2405:201:681b:1166:40ad:f3d6:7ed6:6dc4","2603:1046:1400::7","TLSv1.2","10632","Application Data"
"31","3.129845","2603:1046:1400::7","2405:201:681b:1166:40ad:f3d6:7ed6:6dc4","TCP","74","443  >  50355 [ACK] Seq=7718 Ack=12312 Win=4194560 Len=0"
"32","3.129845","2603:1046:1400::7","2405:201:681b:1166:40ad:f3d6:7ed6:6dc4","TCP","74","443  >  50355 [ACK] Seq=7718 Ack=14470 Win=4194560 Len=0"
"33","3.435598","2603:1046:1400::7","2405:201:681b:1166:40ad:f3d6:7ed6:6dc4","TCP","1514","443  >  50355 [ACK] Seq=7718 Ack=14470 Win=4194560 Len=1440 [TCP PDU reassembled in 34]"
"34","3.435598","2603:1046:1400::7","2405:201:681b:1166:40ad:f3d6:7ed6:6dc4","TLSv1.2","218","Application Data"
"35","3.435931","2405:201:681b:1166:40ad:f3d6:7ed6:6dc4","2603:1046:1400::7","TCP","74","50355  >  443 [ACK] Seq=14470 Ack=9302 Win=131584 Len=0"
"36","3.444508","2405:201:681b:1166:40ad:f3d6:7ed6:6dc4","2603:1046:1400::7","TCP","74","50355  >  443 [FIN, ACK] Seq=14470 Ack=9302 Win=131584 Len=0"
"37","3.455020","2603:1046:1400::7","2405:201:681b:1166:40ad:f3d6:7ed6:6dc4","TCP","1514","[TCP Spurious Retransmission] 443  >  50355 [PSH, ACK] Seq=7862 Ack=14470 Win=4194560 Len=1440 [TCP PDU reassembled in 34]"
"38","3.455258","2405:201:681b:1166:40ad:f3d6:7ed6:6dc4","2603:1046:1400::7","TCP","86","[TCP Dup ACK 35#1] 50355  >  443 [ACK] Seq=14471 Ack=9302 Win=131584 Len=0 SLE=7862 SRE=9302"
"39","3.488822","2603:1046:1400::7","2405:201:681b:1166:40ad:f3d6:7ed6:6dc4","TCP","74","443  >  50355 [FIN, ACK] Seq=9302 Ack=14471 Win=4194560 Len=0"
"40","3.489034","2405:201:681b:1166:40ad:f3d6:7ed6:6dc4","2603:1046:1400::7","TCP","74","50355  >  443 [ACK] Seq=14471 Ack=9303 Win=131584 Len=0"
"41","3.540600","192.168.29.166","35.227.251.120","TCP","55","62909  >  443 [ACK] Seq=1 Ack=1 Win=511 Len=1"
"42","3.558811","35.227.251.120","192.168.29.166","TCP","66","443  >  62909 [ACK] Seq=1 Ack=2 Win=1041 Len=0 SLE=1 SRE=2"
"43","3.911792","2405:201:681b:1166:40ad:f3d6:7ed6:6dc4","2404:6800:4002:823::200e","UDP","1285","57523  >  443 Len=1223"
"44","3.911930","2405:201:681b:1166:40ad:f3d6:7ed6:6dc4","2404:6800:4002:823::200e","UDP","1292","57523  >  443 Len=1230"
"45","3.911966","2405:201:681b:1166:40ad:f3d6:7ed6:6dc4","2404:6800:4002:823::200e","UDP","1292","57523  >  443 Len=1230"
"46","3.912001","2405:201:681b:1166:40ad:f3d6:7ed6:6dc4","2404:6800:4002:823::200e","UDP","1292","57523  >  443 Len=1230"
"47","3.912037","2405:201:681b:1166:40ad:f3d6:7ed6:6dc4","2404:6800:4002:823::200e","UDP","196","57523  >  443 Len=134"
"48","3.930995","2404:6800:4002:823::200e","2405:201:681b:1166:40ad:f3d6:7ed6:6dc4","UDP","95","443  >  57523 Len=33"
"49","3.937953","2405:201:681b:1166:40ad:f3d6:7ed6:6dc4","2404:6800:4002:823::200e","UDP","95","57523  >  443 Len=33"
"50","4.027300","2404:6800:4002:823::200e","2405:201:681b:1166:40ad:f3d6:7ed6:6dc4","UDP","1287","443  >  57523 Len=1225"
"51","4.027300","2404:6800:4002:823::200e","2405:201:681b:1166:40ad:f3d6:7ed6:6dc4","UDP","759","443  >  57523 Len=697"
"52","4.027300","2404:6800:4002:823::200e","2405:201:681b:1166:40ad:f3d6:7ed6:6dc4","UDP","112","443  >  57523 Len=50"
"53","4.033662","2405:201:681b:1166:40ad:f3d6:7ed6:6dc4","2404:6800:4002:823::200e","UDP","102","57523  >  443 Len=40"
"54","4.049950","2404:6800:4002:823::200e","2405:201:681b:1166:40ad:f3d6:7ed6:6dc4","UDP","88","443  >  57523 Len=26"
"55","4.064564","2404:6800:4002:821::200e","2405:201:681b:1166:40ad:f3d6:7ed6:6dc4","UDP","141","443  >  52530 Len=79"
"56","4.069664","2405:201:681b:1166:40ad:f3d6:7ed6:6dc4","2404:6800:4002:821::200e","UDP","95","52530  >  443 Len=33"
"57","4.422390","192.168.29.166","224.0.0.22","IGMPv3","54","Membership Report / Join group 239.255.255.250 for any sources"
"58","5.914024","2405:201:681b:1166:40ad:f3d6:7ed6:6dc4","2404:6800:4002:823::200e","UDP","1285","57523  >  443 Len=1223"
"59","5.914143","2405:201:681b:1166:40ad:f3d6:7ed6:6dc4","2404:6800:4002:823::200e","UDP","1292","57523  >  443 Len=1230"
"60","5.914175","2405:201:681b:1166:40ad:f3d6:7ed6:6dc4","2404:6800:4002:823::200e","UDP","1292","57523  >  443 Len=1230"
"61","5.914209","2405:201:681b:1166:40ad:f3d6:7ed6:6dc4","2404:6800:4002:823::200e","UDP","1292","57523  >  443 Len=1230"
"62","5.914242","2405:201:681b:1166:40ad:f3d6:7ed6:6dc4","2404:6800:4002:823::200e","UDP","100","57523  >  443 Len=38"
"63","5.939441","2404:6800:4002:823::200e","2405:201:681b:1166:40ad:f3d6:7ed6:6dc4","UDP","95","443  >  57523 Len=33"
"64","5.944095","2405:201:681b:1166:40ad:f3d6:7ed6:6dc4","2404:6800:4002:823::200e","UDP","95","57523  >  443 Len=33"
"65","6.012542","2404:6800:4002:823::200e","2405:201:681b:1166:40ad:f3d6:7ed6:6dc4","UDP","1287","443  >  57523 Len=1225"
"66","6.012542","2404:6800:4002:823::200e","2405:201:681b:1166:40ad:f3d6:7ed6:6dc4","UDP","532","443  >  57523 Len=470"
"67","6.012542","2404:6800:4002:823::200e","2405:201:681b:1166:40ad:f3d6:7ed6:6dc4","UDP","272","443  >  57523 Len=210"
"68","6.020005","2405:201:681b:1166:40ad:f3d6:7ed6:6dc4","2404:6800:4002:823::200e","UDP","102","57523  >  443 Len=40"
"69","6.033914","2404:6800:4002:823::200e","2405:201:681b:1166:40ad:f3d6:7ed6:6dc4","UDP","88","443  >  57523 Len=26"
"70","6.255813","192.168.29.166","35.223.238.178","TCP","55","49237  >  443 [ACK] Seq=1 Ack=1 Win=515 Len=1 [TCP PDU reassembled in 480]"
"71","6.609219","35.223.238.178","192.168.29.166","TCP","66","443  >  49237 [ACK] Seq=1 Ack=2 Win=319 Len=0 SLE=1 SRE=2"
"72","6.930401","2405:201:681b:1166:40ad:f3d6:7ed6:6dc4","2405:201:681b:1166::c0a8:1d01","ICMPv6","86","Neighbor Solicitation for 2405:201:681b:1166::c0a8:1d01 from b0:dc:ef:16:48:65"
"73","6.933398","2405:201:681b:1166::c0a8:1d01","2405:201:681b:1166:40ad:f3d6:7ed6:6dc4","ICMPv6","78","Neighbor Advertisement 2405:201:681b:1166::c0a8:1d01 (rtr, sol)"
"74","7.041664","192.168.29.166","35.223.238.178","TCP","55","61266  >  443 [ACK] Seq=1 Ack=1 Win=514 Len=1 [TCP PDU reassembled in 563]"
"75","7.326824","35.223.238.178","192.168.29.166","TCP","66","443  >  61266 [ACK] Seq=1 Ack=2 Win=291 Len=0 SLE=1 SRE=2"
"76","8.922749","192.168.29.166","224.0.0.22","IGMPv3","54","Membership Report / Join group 224.0.0.251 for any sources"
"77","9.067720","192.168.29.1","192.168.29.166","ECHO","43","Request"
"78","9.119711","2404:6800:4002:821::200e","2405:201:681b:1166:40ad:f3d6:7ed6:6dc4","UDP","343","443  >  52530 Len=281"
"79","9.124050","2405:201:681b:1166:40ad:f3d6:7ed6:6dc4","2404:6800:4002:821::200e","UDP","95","52530  >  443 Len=33"
"80","9.134285","2405:201:681b:1166:40ad:f3d6:7ed6:6dc4","2404:6800:4002:823::200e","UDP","1285","57523  >  443 Len=1223"
"81","9.134395","2405:201:681b:1166:40ad:f3d6:7ed6:6dc4","2404:6800:4002:823::200e","UDP","1292","57523  >  443 Len=1230"
"82","9.134428","2405:201:681b:1166:40ad:f3d6:7ed6:6dc4","2404:6800:4002:823::200e","UDP","1292","57523  >  443 Len=1230"
"83","9.134457","2405:201:681b:1166:40ad:f3d6:7ed6:6dc4","2404:6800:4002:823::200e","UDP","345","57523  >  443 Len=283"
"84","9.150641","2404:6800:4002:823::200e","2405:201:681b:1166:40ad:f3d6:7ed6:6dc4","UDP","95","443  >  57523 Len=33"
"85","9.166367","2405:201:681b:1166:40ad:f3d6:7ed6:6dc4","2404:6800:4002:823::200e","UDP","95","57523  >  443 Len=33"
"86","9.240829","2404:6800:4002:823::200e","2405:201:681b:1166:40ad:f3d6:7ed6:6dc4","UDP","1287","443  >  57523 Len=1225"
"87","9.240829","2404:6800:4002:823::200e","2405:201:681b:1166:40ad:f3d6:7ed6:6dc4","UDP","649","443  >  57523 Len=587"
"88","9.240829","2404:6800:4002:823::200e","2405:201:681b:1166:40ad:f3d6:7ed6:6dc4","UDP","140","443  >  57523 Len=78"
"89","9.244665","2405:201:681b:1166:40ad:f3d6:7ed6:6dc4","2404:6800:4002:823::200e","UDP","102","57523  >  443 Len=40"
"90","9.258412","2404:6800:4002:823::200e","2405:201:681b:1166:40ad:f3d6:7ed6:6dc4","UDP","88","443  >  57523 Len=26"
"91","9.988475","2404:6800:4002:821::200e","2405:201:681b:1166:40ad:f3d6:7ed6:6dc4","UDP","343","443  >  52530 Len=281"
"92","9.992921","2405:201:681b:1166:40ad:f3d6:7ed6:6dc4","2404:6800:4002:821::200e","UDP","95","52530  >  443 Len=33"
"93","10.000744","2405:201:681b:1166:40ad:f3d6:7ed6:6dc4","2404:6800:4002:823::200e","UDP","1285","57523  >  443 Len=1223"
"94","10.000868","2405:201:681b:1166:40ad:f3d6:7ed6:6dc4","2404:6800:4002:823::200e","UDP","1292","57523  >  443 Len=1230"
"95","10.000906","2405:201:681b:1166:40ad:f3d6:7ed6:6dc4","2404:6800:4002:823::200e","UDP","1292","57523  >  443 Len=1230"
"96","10.000943","2405:201:681b:1166:40ad:f3d6:7ed6:6dc4","2404:6800:4002:823::200e","UDP","348","57523  >  443 Len=286"
"97","10.014394","2404:6800:4002:823::200e","2405:201:681b:1166:40ad:f3d6:7ed6:6dc4","UDP","95","443  >  57523 Len=33"
"98","10.018372","2404:6800:4002:823::200e","2405:201:681b:1166:40ad:f3d6:7ed6:6dc4","UDP","88","443  >  57523 Len=26"
"99","10.018925","2405:201:681b:1166:40ad:f3d6:7ed6:6dc4","2404:6800:4002:823::200e","UDP","94","57523  >  443 Len=32"
"100","10.023715","2405:201:681b:1166:40ad:f3d6:7ed6:6dc4","2606:4700:90c2:7cbc:c264:bae:5ff2:75c4","TCP","75","61791  >  443 [ACK] Seq=1 Ack=1 Win=515 Len=1"
"101","10.035215","2606:4700:90c2:7cbc:c264:bae:5ff2:75c4","2405:201:681b:1166:40ad:f3d6:7ed6:6dc4","TCP","86","443  >  61791 [ACK] Seq=1 Ack=2 Win=14 Len=0 SLE=1 SRE=2"
"102","10.100397","2404:6800:4002:823::200e","2405:201:681b:1166:40ad:f3d6:7ed6:6dc4","UDP","1287","443  >  57523 Len=1225"
"103","10.100397","2404:6800:4002:823::200e","2405:201:681b:1166:40ad:f3d6:7ed6:6dc4","UDP","619","443  >  57523 Len=557"
"104","10.100397","2404:6800:4002:823::200e","2405:201:681b:1166:40ad:f3d6:7ed6:6dc4","UDP","307","443  >  57523 Len=245"
"105","10.117045","2405:201:681b:1166:40ad:f3d6:7ed6:6dc4","2404:6800:4002:823::200e","UDP","102","57523  >  443 Len=40"
"106","10.134522","2404:6800:4002:823::200e","2405:201:681b:1166:40ad:f3d6:7ed6:6dc4","UDP","88","443  >  57523 Len=26"
"107","10.768347","2405:201:681b:1166:40ad:f3d6:7ed6:6dc4","2405:201:681b:1166::c0a8:1d01","DNS","95","Standard query 0xd2ee AAAA ssl.gstatic.com"
"108","10.768642","2405:201:681b:1166:40ad:f3d6:7ed6:6dc4","2405:201:681b:1166::c0a8:1d01","DNS","95","Standard query 0x6b46 A ssl.gstatic.com"
"109","10.768828","2405:201:681b:1166:40ad:f3d6:7ed6:6dc4","2405:201:681b:1166::c0a8:1d01","DNS","95","Standard query 0xb50b HTTPS ssl.gstatic.com"
"110","10.771926","2404:6800:4002:821::200e","2405:201:681b:1166:40ad:f3d6:7ed6:6dc4","UDP","343","443  >  52530 Len=281"
"111","10.775923","2405:201:681b:1166:40ad:f3d6:7ed6:6dc4","2404:6800:4002:821::200e","UDP","95","52530  >  443 Len=33"
"112","10.781351","2405:201:681b:1166:40ad:f3d6:7ed6:6dc4","2404:6800:4002:823::200e","UDP","1285","57523  >  443 Len=1223"
"113","10.781441","2405:201:681b:1166:40ad:f3d6:7ed6:6dc4","2404:6800:4002:823::200e","UDP","1292","57523  >  443 Len=1230"
"114","10.781471","2405:201:681b:1166:40ad:f3d6:7ed6:6dc4","2404:6800:4002:823::200e","UDP","1292","57523  >  443 Len=1230"
"115","10.781500","2405:201:681b:1166:40ad:f3d6:7ed6:6dc4","2404:6800:4002:823::200e","UDP","187","57523  >  443 Len=125"
"116","10.784676","2405:201:681b:1166::c0a8:1d01","2405:201:681b:1166:40ad:f3d6:7ed6:6dc4","DNS","152","Standard query response 0xb50b HTTPS ssl.gstatic.com SOA ns1.google.com"
"117","10.784960","2405:201:681b:1166::c0a8:1d01","2405:201:681b:1166:40ad:f3d6:7ed6:6dc4","DNS","123","Standard query response 0xd2ee AAAA ssl.gstatic.com AAAA 2404:6800:4002:814::2003"
"118","10.785126","2405:201:681b:1166::c0a8:1d01","2405:201:681b:1166:40ad:f3d6:7ed6:6dc4","DNS","111","Standard query response 0x6b46 A ssl.gstatic.com A 142.250.193.67"
"119","10.786699","2405:201:681b:1166:40ad:f3d6:7ed6:6dc4","2404:6800:4002:814::2003","QUIC","1292","Initial, DCID=0cb9a45cd88caed6, PKN: 1, CRYPTO, PADDING, CRYPTO, PADDING, CRYPTO, CRYPTO, PING, CRYPTO, PADDING, CRYPTO, PADDING, CRYPTO, PADDING, PING, CRYPTO, CRYPTO, CRYPTO"
"120","10.786820","2405:201:681b:1166:40ad:f3d6:7ed6:6dc4","2404:6800:4002:814::2003","QUIC","1292","Initial, DCID=0cb9a45cd88caed6, PKN: 2, CRYPTO"
"121","10.786880","2405:201:681b:1166:40ad:f3d6:7ed6:6dc4","2404:6800:4002:814::2003","QUIC","1292","Initial, DCID=0cb9a45cd88caed6, PKN: 3, PADDING, PING, CRYPTO, CRYPTO, PADDING, CRYPTO, CRYPTO, PADDING, CRYPTO, PING, PADDING, CRYPTO"
"122","10.787198","2405:201:681b:1166:40ad:f3d6:7ed6:6dc4","2404:6800:4002:814::2003","QUIC","143","0-RTT, DCID=0cb9a45cd88caed6"
"123","10.787432","2405:201:681b:1166:40ad:f3d6:7ed6:6dc4","2404:6800:4002:814::2003","QUIC","649","0-RTT, DCID=0cb9a45cd88caed6"
"124","10.798697","2404:6800:4002:823::200e","2405:201:681b:1166:40ad:f3d6:7ed6:6dc4","UDP","95","443  >  57523 Len=33"
"125","10.801952","2404:6800:4002:814::2003","2405:201:681b:1166:40ad:f3d6:7ed6:6dc4","QUIC","102","Initial, SCID=ecb9a45cd88caed6, PKN: 1, ACK"
"126","10.801952","2404:6800:4002:814::2003","2405:201:681b:1166:40ad:f3d6:7ed6:6dc4","QUIC","102","Initial, SCID=ecb9a45cd88caed6, PKN: 2, ACK"
"127","10.801952","2404:6800:4002:814::2003","2405:201:681b:1166:40ad:f3d6:7ed6:6dc4","QUIC","1292","Initial, SCID=ecb9a45cd88caed6, PKN: 3, ACK, PADDING"
"128","10.801952","2404:6800:4002:814::2003","2405:201:681b:1166:40ad:f3d6:7ed6:6dc4","QUIC","1292","Initial, SCID=ecb9a45cd88caed6, PKN: 4, ACK, PADDING"
"129","10.802612","2405:201:681b:1166:40ad:f3d6:7ed6:6dc4","2404:6800:4002:823::200e","UDP","95","57523  >  443 Len=33"
"130","10.825444","2405:201:681b:1166:40ad:f3d6:7ed6:6dc4","2404:6800:4002:814::2003","QUIC","1292","Initial, DCID=ecb9a45cd88caed6, PKN: 7, PADDING, PING, PADDING"
"131","10.842066","2404:6800:4002:814::2003","2405:201:681b:1166:40ad:f3d6:7ed6:6dc4","QUIC","1292","Initial, SCID=ecb9a45cd88caed6, PKN: 5, ACK, PADDING"
"132","10.867742","2405:201:681b:1166:40ad:f3d6:7ed6:6dc4","2404:6800:4002:814::2003","QUIC","1292","Initial, DCID=ecb9a45cd88caed6, PKN: 9, PADDING, PING, PADDING"
"133","10.869506","2404:6800:4002:814::2003","2405:201:681b:1166:40ad:f3d6:7ed6:6dc4","QUIC","1292","Initial, SCID=ecb9a45cd88caed6, PKN: 6, CRYPTO, PADDING"
"134","10.869506","2404:6800:4002:814::2003","2405:201:681b:1166:40ad:f3d6:7ed6:6dc4","QUIC","359","Protected Payload (KP0)"
"135","10.869506","2404:6800:4002:814::2003","2405:201:681b:1166:40ad:f3d6:7ed6:6dc4","QUIC","995","Protected Payload (KP0)"
"136","10.869506","2404:6800:4002:814::2003","2405:201:681b:1166:40ad:f3d6:7ed6:6dc4","QUIC","96","Protected Payload (KP0)"
"137","10.869952","2404:6800:4002:814::2003","2405:201:681b:1166:40ad:f3d6:7ed6:6dc4","QUIC","86","Protected Payload (KP0)"
"138","10.869952","2404:6800:4002:814::2003","2405:201:681b:1166:40ad:f3d6:7ed6:6dc4","QUIC","84","Protected Payload (KP0)"
"139","10.870809","2405:201:681b:1166:40ad:f3d6:7ed6:6dc4","2404:6800:4002:814::2003","QUIC","140","Handshake, DCID=ecb9a45cd88caed6"
"140","10.870902","2405:201:681b:1166:40ad:f3d6:7ed6:6dc4","2404:6800:4002:814::2003","QUIC","93","Protected Payload (KP0), DCID=ecb9a45cd88caed6"
"141","10.870936","2405:201:681b:1166:40ad:f3d6:7ed6:6dc4","2404:6800:4002:814::2003","QUIC","93","Protected Payload (KP0), DCID=ecb9a45cd88caed6"
"142","10.882094","2404:6800:4002:814::2003","2405:201:681b:1166:40ad:f3d6:7ed6:6dc4","QUIC","1292","Initial, SCID=ecb9a45cd88caed6, PKN: 13, ACK, CRYPTO"
"143","10.882094","2404:6800:4002:814::2003","2405:201:681b:1166:40ad:f3d6:7ed6:6dc4","QUIC","1292","Protected Payload (KP0)"
"144","10.883057","2405:201:681b:1166:40ad:f3d6:7ed6:6dc4","2404:6800:4002:814::2003","QUIC","175","Protected Payload (KP0), DCID=ecb9a45cd88caed6"
"145","10.885898","2404:6800:4002:814::2003","2405:201:681b:1166:40ad:f3d6:7ed6:6dc4","QUIC","182","Protected Payload (KP0)"
"146","10.886669","2405:201:681b:1166:40ad:f3d6:7ed6:6dc4","2404:6800:4002:814::2003","QUIC","95","Protected Payload (KP0), DCID=ecb9a45cd88caed6"
"147","10.916131","2404:6800:4002:823::200e","2405:201:681b:1166:40ad:f3d6:7ed6:6dc4","UDP","1287","443  >  57523 Len=1225"
"148","10.916131","2404:6800:4002:823::200e","2405:201:681b:1166:40ad:f3d6:7ed6:6dc4","UDP","897","443  >  57523 Len=835"
"149","10.916525","2404:6800:4002:823::200e","2405:201:681b:1166:40ad:f3d6:7ed6:6dc4","UDP","246","443  >  57523 Len=184"
"150","10.931694","192.168.29.166","224.0.0.22","IGMPv3","54","Membership Report / Join group 224.0.0.252 for any sources"
"151","10.932193","2405:201:681b:1166:40ad:f3d6:7ed6:6dc4","2404:6800:4002:823::200e","UDP","102","57523  >  443 Len=40"
"152","10.934602","2404:6800:4002:814::2003","2405:201:681b:1166:40ad:f3d6:7ed6:6dc4","QUIC","590","Protected Payload (KP0)"
"153","10.935224","2405:201:681b:1166:40ad:f3d6:7ed6:6dc4","2404:6800:4002:814::2003","QUIC","99","Protected Payload (KP0), DCID=ecb9a45cd88caed6"
"154","10.935411","2404:6800:4002:814::2003","2405:201:681b:1166:40ad:f3d6:7ed6:6dc4","QUIC","84","Protected Payload (KP0)"
"155","10.936565","2405:201:681b:1166:40ad:f3d6:7ed6:6dc4","2404:6800:4002:814::2003","QUIC","95","Protected Payload (KP0), DCID=ecb9a45cd88caed6"
"156","10.946762","2404:6800:4002:823::200e","2405:201:681b:1166:40ad:f3d6:7ed6:6dc4","UDP","88","443  >  57523 Len=26"
"157","10.949591","2404:6800:4002:814::2003","2405:201:681b:1166:40ad:f3d6:7ed6:6dc4","QUIC","89","Protected Payload (KP0)"
"158","11.114971","192.168.29.52","224.0.0.251","MDNS","191","Standard query 0x0000 ANY Android.local, ""QU"" question ANY Android.local, ""QU"" question ANY Android.local, ""QU"" question ANY Android.local, ""QU"" question A 192.168.29.52 AAAA 2405:201:681b:1166:3c55:9bff:feac:775c AAAA 2405:201:681b:1166:fd7f:7694:126a:90a AAAA fe80::3c55:9bff:feac:775c"
"159","11.114971","fe80::3c55:9bff:feac:775c","ff02::fb","MDNS","211","Standard query 0x0000 ANY Android.local, ""QU"" question ANY Android.local, ""QU"" question ANY Android.local, ""QU"" question ANY Android.local, ""QU"" question A 192.168.29.52 AAAA 2405:201:681b:1166:3c55:9bff:feac:775c AAAA 2405:201:681b:1166:fd7f:7694:126a:90a AAAA fe80::3c55:9bff:feac:775c"
"160","11.422197","192.168.29.52","224.0.0.251","MDNS","191","Standard query 0x0000 ANY Android.local, ""QM"" question ANY Android.local, ""QM"" question ANY Android.local, ""QM"" question ANY Android.local, ""QM"" question A 192.168.29.52 AAAA 2405:201:681b:1166:3c55:9bff:feac:775c AAAA 2405:201:681b:1166:fd7f:7694:126a:90a AAAA fe80::3c55:9bff:feac:775c"
"161","11.422469","fe80::3c55:9bff:feac:775c","ff02::fb","MDNS","211","Standard query 0x0000 ANY Android.local, ""QM"" question ANY Android.local, ""QM"" question ANY Android.local, ""QM"" question ANY Android.local, ""QM"" question A 192.168.29.52 AAAA 2405:201:681b:1166:3c55:9bff:feac:775c AAAA 2405:201:681b:1166:fd7f:7694:126a:90a AAAA fe80::3c55:9bff:feac:775c"
"162","11.626921","192.168.29.52","224.0.0.251","MDNS","191","Standard query 0x0000 ANY Android.local, ""QM"" question ANY Android.local, ""QM"" question ANY Android.local, ""QM"" question ANY Android.local, ""QM"" question A 192.168.29.52 AAAA 2405:201:681b:1166:3c55:9bff:feac:775c AAAA 2405:201:681b:1166:fd7f:7694:126a:90a AAAA fe80::3c55:9bff:feac:775c"
"163","11.627110","fe80::3c55:9bff:feac:775c","ff02::fb","MDNS","211","Standard query 0x0000 ANY Android.local, ""QM"" question ANY Android.local, ""QM"" question ANY Android.local, ""QM"" question ANY Android.local, ""QM"" question A 192.168.29.52 AAAA 2405:201:681b:1166:3c55:9bff:feac:775c AAAA 2405:201:681b:1166:fd7f:7694:126a:90a AAAA fe80::3c55:9bff:feac:775c"
"164","11.829399","192.168.29.166","35.223.238.178","TLSv1.2","327","Application Data"
"165","11.831347","192.168.29.52","224.0.0.251","MDNS","505","Standard query response 0x0000 PTR, cache flush Android.local PTR, cache flush Android.local PTR, cache flush Android.local PTR, cache flush Android.local A, cache flush 192.168.29.52 AAAA, cache flush 2405:201:681b:1166:3c55:9bff:feac:775c AAAA, cache flush 2405:201:681b:1166:fd7f:7694:126a:90a AAAA, cache flush fe80::3c55:9bff:feac:775c NSEC, cache flush 52.29.168.192.in-addr.arpa NSEC, cache flush C.5.7.7.C.A.E.F.F.F.B.9.5.5.C.3.6.6.1.1.B.1.8.6.1.0.2.0.5.0.4.2.ip6.arpa NSEC, cache flush A.0.9.0.A.6.2.1.4.9.6.7.F.7.D.F.6.6.1.1.B.1.8.6.1.0.2.0.5.0.4.2.ip6.arpa NSEC, cache flush C.5.7.7.C.A.E.F.F.F.B.9.5.5.C.3.0.0.0.0.0.0.0.0.0.0.0.0.0.8.E.F.ip6.arpa NSEC, cache flush Android.local"
"166","11.831347","fe80::3c55:9bff:feac:775c","ff02::fb","MDNS","525","Standard query response 0x0000 PTR, cache flush Android.local PTR, cache flush Android.local PTR, cache flush Android.local PTR, cache flush Android.local A, cache flush 192.168.29.52 AAAA, cache flush 2405:201:681b:1166:3c55:9bff:feac:775c AAAA, cache flush 2405:201:681b:1166:fd7f:7694:126a:90a AAAA, cache flush fe80::3c55:9bff:feac:775c NSEC, cache flush 52.29.168.192.in-addr.arpa NSEC, cache flush C.5.7.7.C.A.E.F.F.F.B.9.5.5.C.3.6.6.1.1.B.1.8.6.1.0.2.0.5.0.4.2.ip6.arpa NSEC, cache flush A.0.9.0.A.6.2.1.4.9.6.7.F.7.D.F.6.6.1.1.B.1.8.6.1.0.2.0.5.0.4.2.ip6.arpa NSEC, cache flush C.5.7.7.C.A.E.F.F.F.B.9.5.5.C.3.0.0.0.0.0.0.0.0.0.0.0.0.0.8.E.F.ip6.arpa NSEC, cache flush Android.local"
"167","11.986755","2405:201:681b:1166:40ad:f3d6:7ed6:6dc4","2405:201:681b:1166::c0a8:1d01","DNS","91","Standard query 0x824d AAAA b1.nel.goog"
"168","11.987378","2405:201:681b:1166:40ad:f3d6:7ed6:6dc4","2405:201:681b:1166::c0a8:1d01","DNS","91","Standard query 0x33f4 A b1.nel.goog"
"169","11.987697","2405:201:681b:1166:40ad:f3d6:7ed6:6dc4","2405:201:681b:1166::c0a8:1d01","DNS","91","Standard query 0xb82d HTTPS b1.nel.goog"
"170","12.000686","2405:201:681b:1166::c0a8:1d01","2405:201:681b:1166:40ad:f3d6:7ed6:6dc4","DNS","107","Standard query response 0x33f4 A b1.nel.goog A 142.250.182.163"
"171","12.001148","2405:201:681b:1166::c0a8:1d01","2405:201:681b:1166:40ad:f3d6:7ed6:6dc4","DNS","119","Standard query response 0x824d AAAA b1.nel.goog AAAA 2404:6800:4002:815::2003"
"172","12.001311","2405:201:681b:1166::c0a8:1d01","2405:201:681b:1166:40ad:f3d6:7ed6:6dc4","DNS","151","Standard query response 0xb82d HTTPS b1.nel.goog SOA ns1.google.com"
"173","12.003314","2405:201:681b:1166:40ad:f3d6:7ed6:6dc4","2404:6800:4002:815::2003","QUIC","1292","Initial, DCID=2abc2fee892e9255, PKN: 1, CRYPTO, PADDING, CRYPTO, PADDING, PING, PADDING, CRYPTO, PING, PADDING, PING, PING, PADDING, CRYPTO, CRYPTO, CRYPTO, CRYPTO, PING, CRYPTO, PADDING, CRYPTO, CRYPTO, PING"
"174","12.003470","2405:201:681b:1166:40ad:f3d6:7ed6:6dc4","2404:6800:4002:815::2003","QUIC","1292","Initial, DCID=2abc2fee892e9255, PKN: 2, CRYPTO"
"175","12.003542","2405:201:681b:1166:40ad:f3d6:7ed6:6dc4","2404:6800:4002:815::2003","QUIC","1292","Initial, DCID=2abc2fee892e9255, PKN: 3, CRYPTO, PING, PING, PING, PING, PADDING, CRYPTO, PADDING, CRYPTO, PING, PADDING, PING, PADDING, CRYPTO, PADDING, PING, CRYPTO, PING"
"176","12.003942","2405:201:681b:1166:40ad:f3d6:7ed6:6dc4","2404:6800:4002:815::2003","QUIC","143","0-RTT, DCID=2abc2fee892e9255"
"177","12.004372","2405:201:681b:1166:40ad:f3d6:7ed6:6dc4","2404:6800:4002:815::2003","QUIC","538","0-RTT, DCID=2abc2fee892e9255"
"178","12.019460","2404:6800:4002:815::2003","2405:201:681b:1166:40ad:f3d6:7ed6:6dc4","QUIC","102","Initial, SCID=eabc2fee892e9255, PKN: 1, ACK"
"179","12.019460","2404:6800:4002:815::2003","2405:201:681b:1166:40ad:f3d6:7ed6:6dc4","QUIC","102","Initial, SCID=eabc2fee892e9255, PKN: 2, ACK"
"180","12.019460","2404:6800:4002:815::2003","2405:201:681b:1166:40ad:f3d6:7ed6:6dc4","QUIC","1292","Initial, SCID=eabc2fee892e9255, PKN: 3, ACK, PADDING"
"181","12.019460","2404:6800:4002:815::2003","2405:201:681b:1166:40ad:f3d6:7ed6:6dc4","QUIC","1292","Initial, SCID=eabc2fee892e9255, PKN: 4, ACK, PADDING"
"182","12.041069","2405:201:681b:1166:40ad:f3d6:7ed6:6dc4","2404:6800:4002:815::2003","QUIC","1292","Initial, DCID=eabc2fee892e9255, PKN: 7, PADDING, PING, PADDING"
"183","12.054850","2404:6800:4002:815::2003","2405:201:681b:1166:40ad:f3d6:7ed6:6dc4","QUIC","1292","Initial, SCID=eabc2fee892e9255, PKN: 5, ACK, PADDING"
"184","12.084902","2404:6800:4002:815::2003","2405:201:681b:1166:40ad:f3d6:7ed6:6dc4","QUIC","1292","Initial, SCID=eabc2fee892e9255, PKN: 6, CRYPTO, PADDING"
"185","12.084902","2404:6800:4002:815::2003","2405:201:681b:1166:40ad:f3d6:7ed6:6dc4","QUIC","362","Protected Payload (KP0)"
"186","12.084902","2404:6800:4002:815::2003","2405:201:681b:1166:40ad:f3d6:7ed6:6dc4","QUIC","992","Protected Payload (KP0)"
"187","12.084902","2404:6800:4002:815::2003","2405:201:681b:1166:40ad:f3d6:7ed6:6dc4","QUIC","91","Protected Payload (KP0)"
"188","12.084902","2404:6800:4002:815::2003","2405:201:681b:1166:40ad:f3d6:7ed6:6dc4","QUIC","86","Protected Payload (KP0)"
"189","12.084902","2404:6800:4002:815::2003","2405:201:681b:1166:40ad:f3d6:7ed6:6dc4","QUIC","84","Protected Payload (KP0)"
"190","12.086345","2405:201:681b:1166:40ad:f3d6:7ed6:6dc4","2404:6800:4002:815::2003","QUIC","140","Handshake, DCID=eabc2fee892e9255"
"191","12.086439","2405:201:681b:1166:40ad:f3d6:7ed6:6dc4","2404:6800:4002:815::2003","QUIC","93","Protected Payload (KP0), DCID=eabc2fee892e9255"
"192","12.086482","2405:201:681b:1166:40ad:f3d6:7ed6:6dc4","2404:6800:4002:815::2003","QUIC","93","Protected Payload (KP0), DCID=eabc2fee892e9255"
"193","12.102418","35.223.238.178","192.168.29.166","TCP","54","443  >  61278 [ACK] Seq=1 Ack=274 Win=299 Len=0"
"194","12.102506","2404:6800:4002:815::2003","2405:201:681b:1166:40ad:f3d6:7ed6:6dc4","QUIC","182","Protected Payload (KP0)"
"195","12.105381","35.223.238.178","192.168.29.166","TLSv1.2","334","Application Data"
"196","12.105381","35.223.238.178","192.168.29.166","TLSv1.2","99","Application Data"
"197","12.105658","192.168.29.166","35.223.238.178","TCP","54","61278  >  443 [ACK] Seq=274 Ack=326 Win=513 Len=0"
"198","12.138337","2405:201:681b:1166:40ad:f3d6:7ed6:6dc4","2404:6800:4002:815::2003","QUIC","94","Protected Payload (KP0), DCID=eabc2fee892e9255"
"199","12.184758","2404:6800:4002:815::2003","2405:201:681b:1166:40ad:f3d6:7ed6:6dc4","QUIC","1288","Protected Payload (KP0)"
"200","12.184758","2404:6800:4002:815::2003","2405:201:681b:1166:40ad:f3d6:7ed6:6dc4","QUIC","811","Protected Payload (KP0)"
"201","12.186840","2405:201:681b:1166:40ad:f3d6:7ed6:6dc4","2404:6800:4002:815::2003","QUIC","97","Protected Payload (KP0), DCID=eabc2fee892e9255"
"202","12.187179","2405:201:681b:1166:40ad:f3d6:7ed6:6dc4","2404:6800:4002:815::2003","QUIC","97","Protected Payload (KP0), DCID=eabc2fee892e9255"
"203","12.202604","2404:6800:4002:815::2003","2405:201:681b:1166:40ad:f3d6:7ed6:6dc4","QUIC","87","Protected Payload (KP0)"
"204","12.227718","2404:6800:4002:815::2003","2405:201:681b:1166:40ad:f3d6:7ed6:6dc4","QUIC","88","Protected Payload (KP0)"
"205","12.856428","192.168.29.52","224.0.0.251","MDNS","505","Standard query response 0x0000 PTR, cache flush Android.local PTR, cache flush Android.local PTR, cache flush Android.local PTR, cache flush Android.local A, cache flush 192.168.29.52 AAAA, cache flush 2405:201:681b:1166:3c55:9bff:feac:775c AAAA, cache flush 2405:201:681b:1166:fd7f:7694:126a:90a AAAA, cache flush fe80::3c55:9bff:feac:775c NSEC, cache flush 52.29.168.192.in-addr.arpa NSEC, cache flush C.5.7.7.C.A.E.F.F.F.B.9.5.5.C.3.6.6.1.1.B.1.8.6.1.0.2.0.5.0.4.2.ip6.arpa NSEC, cache flush A.0.9.0.A.6.2.1.4.9.6.7.F.7.D.F.6.6.1.1.B.1.8.6.1.0.2.0.5.0.4.2.ip6.arpa NSEC, cache flush C.5.7.7.C.A.E.F.F.F.B.9.5.5.C.3.0.0.0.0.0.0.0.0.0.0.0.0.0.8.E.F.ip6.arpa NSEC, cache flush Android.local"
"206","12.856428","fe80::3c55:9bff:feac:775c","ff02::fb","MDNS","525","Standard query response 0x0000 PTR, cache flush Android.local PTR, cache flush Android.local PTR, cache flush Android.local PTR, cache flush Android.local A, cache flush 192.168.29.52 AAAA, cache flush 2405:201:681b:1166:3c55:9bff:feac:775c AAAA, cache flush 2405:201:681b:1166:fd7f:7694:126a:90a AAAA, cache flush fe80::3c55:9bff:feac:775c NSEC, cache flush 52.29.168.192.in-addr.arpa NSEC, cache flush C.5.7.7.C.A.E.F.F.F.B.9.5.5.C.3.6.6.1.1.B.1.8.6.1.0.2.0.5.0.4.2.ip6.arpa NSEC, cache flush A.0.9.0.A.6.2.1.4.9.6.7.F.7.D.F.6.6.1.1.B.1.8.6.1.0.2.0.5.0.4.2.ip6.arpa NSEC, cache flush C.5.7.7.C.A.E.F.F.F.B.9.5.5.C.3.0.0.0.0.0.0.0.0.0.0.0.0.0.8.E.F.ip6.arpa NSEC, cache flush Android.local"
"207","12.913094","2405:201:681b:1166:40ad:f3d6:7ed6:6dc4","2404:6800:4002:823::200e","UDP","1285","57523  >  443 Len=1223"
"208","12.913247","2405:201:681b:1166:40ad:f3d6:7ed6:6dc4","2404:6800:4002:823::200e","UDP","1292","57523  >  443 Len=1230"
"209","12.913293","2405:201:681b:1166:40ad:f3d6:7ed6:6dc4","2404:6800:4002:823::200e","UDP","1292","57523  >  443 Len=1230"
"210","12.913329","2405:201:681b:1166:40ad:f3d6:7ed6:6dc4","2404:6800:4002:823::200e","UDP","1079","57523  >  443 Len=1017"
"211","12.930323","2404:6800:4002:823::200e","2405:201:681b:1166:40ad:f3d6:7ed6:6dc4","UDP","95","443  >  57523 Len=33"
"212","12.936106","2405:201:681b:1166:40ad:f3d6:7ed6:6dc4","2404:6800:4002:823::200e","UDP","95","57523  >  443 Len=33"
"213","13.015776","2404:6800:4002:823::200e","2405:201:681b:1166:40ad:f3d6:7ed6:6dc4","UDP","1287","443  >  57523 Len=1225"
"214","13.015776","2404:6800:4002:823::200e","2405:201:681b:1166:40ad:f3d6:7ed6:6dc4","UDP","528","443  >  57523 Len=466"
"215","13.015776","2404:6800:4002:823::200e","2405:201:681b:1166:40ad:f3d6:7ed6:6dc4","UDP","100","443  >  57523 Len=38"
"216","13.020173","2405:201:681b:1166:40ad:f3d6:7ed6:6dc4","2404:6800:4002:823::200e","UDP","102","57523  >  443 Len=40"
"217","13.035010","2404:6800:4002:823::200e","2405:201:681b:1166:40ad:f3d6:7ed6:6dc4","UDP","88","443  >  57523 Len=26"
"218","13.902177","2405:201:681b:1166:40ad:f3d6:7ed6:6dc4","2405:201:681b:1166::c0a8:1d01","DNS","100","Standard query 0x1616 A catalog.gamepass.com"
"219","13.902954","2405:201:681b:1166:40ad:f3d6:7ed6:6dc4","2405:201:681b:1166::c0a8:1d01","DNS","100","Standard query 0x8634 AAAA catalog.gamepass.com"
"220","13.922221","2405:201:681b:1166::c0a8:1d01","2405:201:681b:1166:40ad:f3d6:7ed6:6dc4","DNS","212","Standard query response 0x1616 A catalog.gamepass.com CNAME catalog.gamepass.com.edgesuite.net CNAME a1992.dscd.akamai.net A 23.217.111.195 A 23.217.111.240"
"221","13.922475","2405:201:681b:1166::c0a8:1d01","2405:201:681b:1166:40ad:f3d6:7ed6:6dc4","DNS","236","Standard query response 0x8634 AAAA catalog.gamepass.com CNAME catalog.gamepass.com.edgesuite.net CNAME a1992.dscd.akamai.net AAAA 2405:200:1611:1731::312c:88d0 AAAA 2405:200:1611:1731::312c:773b"
"222","13.924389","2405:201:681b:1166:40ad:f3d6:7ed6:6dc4","2405:200:1611:1731::312c:88d0","TCP","86","50492  >  443 [SYN] Seq=0 Win=64800 Len=0 MSS=1440 WS=256 SACK_PERM"
"223","13.939228","2405:200:1611:1731::312c:88d0","2405:201:681b:1166:40ad:f3d6:7ed6:6dc4","TCP","86","443  >  50492 [SYN, ACK] Seq=0 Ack=1 Win=64800 Len=0 MSS=1344 SACK_PERM WS=128"
"224","13.939477","2405:201:681b:1166:40ad:f3d6:7ed6:6dc4","2405:200:1611:1731::312c:88d0","TCP","74","50492  >  443 [ACK] Seq=1 Ack=1 Win=131584 Len=0"
"225","13.944603","2405:201:681b:1166:40ad:f3d6:7ed6:6dc4","2405:200:1611:1731::312c:88d0","TLSv1.3","374","Client Hello (SNI=catalog.gamepass.com)"
"226","13.968949","2405:200:1611:1731::312c:88d0","2405:201:681b:1166:40ad:f3d6:7ed6:6dc4","TLSv1.3","1514","Server Hello, Change Cipher Spec, Application Data"
"227","13.968949","2405:200:1611:1731::312c:88d0","2405:201:681b:1166:40ad:f3d6:7ed6:6dc4","TCP","1514","443  >  50492 [PSH, ACK] Seq=1441 Ack=301 Win=64512 Len=1440 [TCP PDU reassembled in 228]"
"228","13.968949","2405:200:1611:1731::312c:88d0","2405:201:681b:1166:40ad:f3d6:7ed6:6dc4","TLSv1.3","1137","Application Data, Application Data, Application Data"
"229","13.969143","2405:201:681b:1166:40ad:f3d6:7ed6:6dc4","2405:200:1611:1731::312c:88d0","TCP","74","50492  >  443 [ACK] Seq=301 Ack=2881 Win=131584 Len=0"
"230","13.978061","2405:201:681b:1166:40ad:f3d6:7ed6:6dc4","2405:200:1611:1731::312c:88d0","TLSv1.3","154","Change Cipher Spec, Application Data"
"231","13.982172","2405:201:681b:1166:40ad:f3d6:7ed6:6dc4","2405:200:1611:1731::312c:88d0","TLSv1.3","154","Application Data"
"232","13.982420","2405:201:681b:1166:40ad:f3d6:7ed6:6dc4","2405:200:1611:1731::312c:88d0","TLSv1.3","188","Application Data"
"233","13.998601","2405:200:1611:1731::312c:88d0","2405:201:681b:1166:40ad:f3d6:7ed6:6dc4","TCP","74","443  >  50492 [ACK] Seq=3944 Ack=381 Win=64512 Len=0"
"234","13.998601","2405:200:1611:1731::312c:88d0","2405:201:681b:1166:40ad:f3d6:7ed6:6dc4","TCP","74","443  >  50492 [ACK] Seq=3944 Ack=461 Win=64512 Len=0"
"235","13.998601","2405:200:1611:1731::312c:88d0","2405:201:681b:1166:40ad:f3d6:7ed6:6dc4","TLSv1.3","361","Application Data"
"236","13.998601","2405:200:1611:1731::312c:88d0","2405:201:681b:1166:40ad:f3d6:7ed6:6dc4","TLSv1.3","361","Application Data"
"237","13.998601","2405:200:1611:1731::312c:88d0","2405:201:681b:1166:40ad:f3d6:7ed6:6dc4","TLSv1.3","135","Application Data"
"238","13.998775","2405:200:1611:1731::312c:88d0","2405:201:681b:1166:40ad:f3d6:7ed6:6dc4","TLSv1.3","105","Application Data"
"239","13.998864","2405:201:681b:1166:40ad:f3d6:7ed6:6dc4","2405:200:1611:1731::312c:88d0","TCP","74","50492  >  443 [ACK] Seq=575 Ack=4518 Win=131584 Len=0"
"240","13.999028","2405:201:681b:1166:40ad:f3d6:7ed6:6dc4","2405:200:1611:1731::312c:88d0","TCP","74","50492  >  443 [ACK] Seq=575 Ack=4610 Win=131584 Len=0"
"241","13.999660","2405:200:1611:1731::312c:88d0","2405:201:681b:1166:40ad:f3d6:7ed6:6dc4","TLSv1.3","219","Application Data"
"242","13.999660","2405:200:1611:1731::312c:88d0","2405:201:681b:1166:40ad:f3d6:7ed6:6dc4","TLSv1.3","105","Application Data"
"243","13.999852","2405:201:681b:1166:40ad:f3d6:7ed6:6dc4","2405:200:1611:1731::312c:88d0","TCP","74","50492  >  443 [ACK] Seq=575 Ack=4786 Win=131328 Len=0"
"244","14.002869","2405:201:681b:1166:40ad:f3d6:7ed6:6dc4","2405:200:1611:1731::312c:88d0","TLSv1.3","105","Application Data"
"245","14.003577","2405:201:681b:1166:40ad:f3d6:7ed6:6dc4","2405:200:1611:1731::312c:88d0","TCP","74","50492  >  443 [FIN, ACK] Seq=606 Ack=4786 Win=131328 Len=0"
"246","14.018844","2405:200:1611:1731::312c:88d0","2405:201:681b:1166:40ad:f3d6:7ed6:6dc4","TLSv1.3","98","Application Data"
"247","14.018844","2405:200:1611:1731::312c:88d0","2405:201:681b:1166:40ad:f3d6:7ed6:6dc4","TCP","74","443  >  50492 [FIN, ACK] Seq=4810 Ack=607 Win=64512 Len=0"
"248","14.019024","2405:201:681b:1166:40ad:f3d6:7ed6:6dc4","2405:200:1611:1731::312c:88d0","TCP","74","50492  >  443 [RST, ACK] Seq=607 Ack=4810 Win=0 Len=0"
"249","14.644905","192.168.29.166","34.95.44.106","TCP","55","[TCP Keep-Alive] 65088  >  443 [ACK] Seq=0 Ack=2 Win=511 Len=1"
"250","14.903597","192.168.29.52","224.0.0.251","MDNS","505","Standard query response 0x0000 PTR, cache flush Android.local PTR, cache flush Android.local PTR, cache flush Android.local PTR, cache flush Android.local A, cache flush 192.168.29.52 AAAA, cache flush 2405:201:681b:1166:3c55:9bff:feac:775c AAAA, cache flush 2405:201:681b:1166:fd7f:7694:126a:90a AAAA, cache flush fe80::3c55:9bff:feac:775c NSEC, cache flush 52.29.168.192.in-addr.arpa NSEC, cache flush C.5.7.7.C.A.E.F.F.F.B.9.5.5.C.3.6.6.1.1.B.1.8.6.1.0.2.0.5.0.4.2.ip6.arpa NSEC, cache flush A.0.9.0.A.6.2.1.4.9.6.7.F.7.D.F.6.6.1.1.B.1.8.6.1.0.2.0.5.0.4.2.ip6.arpa NSEC, cache flush C.5.7.7.C.A.E.F.F.F.B.9.5.5.C.3.0.0.0.0.0.0.0.0.0.0.0.0.0.8.E.F.ip6.arpa NSEC, cache flush Android.local"
"251","14.903597","fe80::3c55:9bff:feac:775c","ff02::fb","MDNS","525","Standard query response 0x0000 PTR, cache flush Android.local PTR, cache flush Android.local PTR, cache flush Android.local PTR, cache flush Android.local A, cache flush 192.168.29.52 AAAA, cache flush 2405:201:681b:1166:3c55:9bff:feac:775c AAAA, cache flush 2405:201:681b:1166:fd7f:7694:126a:90a AAAA, cache flush fe80::3c55:9bff:feac:775c NSEC, cache flush 52.29.168.192.in-addr.arpa NSEC, cache flush C.5.7.7.C.A.E.F.F.F.B.9.5.5.C.3.6.6.1.1.B.1.8.6.1.0.2.0.5.0.4.2.ip6.arpa NSEC, cache flush A.0.9.0.A.6.2.1.4.9.6.7.F.7.D.F.6.6.1.1.B.1.8.6.1.0.2.0.5.0.4.2.ip6.arpa NSEC, cache flush C.5.7.7.C.A.E.F.F.F.B.9.5.5.C.3.0.0.0.0.0.0.0.0.0.0.0.0.0.8.E.F.ip6.arpa NSEC, cache flush Android.local"
"252","14.906832","34.95.44.106","192.168.29.166","TCP","66","[TCP Previous segment not captured] 443  >  65088 [ACK] Seq=2 Ack=1 Win=489 Len=0 SLE=0 SRE=1"
"253","17.157218","fe80::f2ed:b8ff:feb6:4a70","2405:201:681b:1166:40ad:f3d6:7ed6:6dc4","ICMPv6","86","Neighbor Solicitation for 2405:201:681b:1166:40ad:f3d6:7ed6:6dc4 from f0:ed:b8:b6:4a:70"
"254","17.157296","2405:201:681b:1166:40ad:f3d6:7ed6:6dc4","fe80::f2ed:b8ff:feb6:4a70","ICMPv6","86","Neighbor Advertisement 2405:201:681b:1166:40ad:f3d6:7ed6:6dc4 (sol, ovr) is at b0:dc:ef:16:48:65"
"255","18.430472","192.168.29.166","74.125.68.188","TCP","55","57264  >  5228 [ACK] Seq=1 Ack=1 Win=512 Len=1"
"256","18.516585","74.125.68.188","192.168.29.166","TCP","66","5228  >  57264 [ACK] Seq=1 Ack=2 Win=1046 Len=0 SLE=1 SRE=2"
"257","18.608933","2404:6800:4002:821::200e","2405:201:681b:1166:40ad:f3d6:7ed6:6dc4","UDP","343","443  >  52530 Len=281"
"258","18.616222","2405:201:681b:1166:40ad:f3d6:7ed6:6dc4","2404:6800:4002:821::200e","UDP","95","52530  >  443 Len=33"
"259","18.624094","2405:201:681b:1166:40ad:f3d6:7ed6:6dc4","2404:6800:4002:823::200e","UDP","1285","57523  >  443 Len=1223"
"260","18.624213","2405:201:681b:1166:40ad:f3d6:7ed6:6dc4","2404:6800:4002:823::200e","UDP","1292","57523  >  443 Len=1230"
"261","18.624245","2405:201:681b:1166:40ad:f3d6:7ed6:6dc4","2404:6800:4002:823::200e","UDP","1292","57523  >  443 Len=1230"
"262","18.624275","2405:201:681b:1166:40ad:f3d6:7ed6:6dc4","2404:6800:4002:823::200e","UDP","348","57523  >  443 Len=286"
"263","18.648742","2404:6800:4002:823::200e","2405:201:681b:1166:40ad:f3d6:7ed6:6dc4","UDP","95","443  >  57523 Len=33"
"264","18.667109","2405:201:681b:1166:40ad:f3d6:7ed6:6dc4","2404:6800:4002:823::200e","UDP","95","57523  >  443 Len=33"
"265","18.722938","2404:6800:4002:823::200e","2405:201:681b:1166:40ad:f3d6:7ed6:6dc4","UDP","1287","443  >  57523 Len=1225"
"266","18.722938","2404:6800:4002:823::200e","2405:201:681b:1166:40ad:f3d6:7ed6:6dc4","UDP","895","443  >  57523 Len=833"
"267","18.722938","2404:6800:4002:823::200e","2405:201:681b:1166:40ad:f3d6:7ed6:6dc4","UDP","312","443  >  57523 Len=250"
"268","18.742409","2405:201:681b:1166:40ad:f3d6:7ed6:6dc4","2404:6800:4002:823::200e","UDP","102","57523  >  443 Len=40"
"269","18.757616","2404:6800:4002:823::200e","2405:201:681b:1166:40ad:f3d6:7ed6:6dc4","UDP","88","443  >  57523 Len=26"
"270","18.836815","192.168.29.52","224.0.0.251","MDNS","505","Standard query response 0x0000 PTR, cache flush Android.local PTR, cache flush Android.local PTR, cache flush Android.local PTR, cache flush Android.local A, cache flush 192.168.29.52 AAAA, cache flush 2405:201:681b:1166:3c55:9bff:feac:775c AAAA, cache flush 2405:201:681b:1166:fd7f:7694:126a:90a AAAA, cache flush fe80::3c55:9bff:feac:775c NSEC, cache flush 52.29.168.192.in-addr.arpa NSEC, cache flush C.5.7.7.C.A.E.F.F.F.B.9.5.5.C.3.6.6.1.1.B.1.8.6.1.0.2.0.5.0.4.2.ip6.arpa NSEC, cache flush A.0.9.0.A.6.2.1.4.9.6.7.F.7.D.F.6.6.1.1.B.1.8.6.1.0.2.0.5.0.4.2.ip6.arpa NSEC, cache flush C.5.7.7.C.A.E.F.F.F.B.9.5.5.C.3.0.0.0.0.0.0.0.0.0.0.0.0.0.8.E.F.ip6.arpa NSEC, cache flush Android.local"
"271","18.837065","fe80::3c55:9bff:feac:775c","ff02::fb","MDNS","525","Standard query response 0x0000 PTR, cache flush Android.local PTR, cache flush Android.local PTR, cache flush Android.local PTR, cache flush Android.local A, cache flush 192.168.29.52 AAAA, cache flush 2405:201:681b:1166:3c55:9bff:feac:775c AAAA, cache flush 2405:201:681b:1166:fd7f:7694:126a:90a AAAA, cache flush fe80::3c55:9bff:feac:775c NSEC, cache flush 52.29.168.192.in-addr.arpa NSEC, cache flush C.5.7.7.C.A.E.F.F.F.B.9.5.5.C.3.6.6.1.1.B.1.8.6.1.0.2.0.5.0.4.2.ip6.arpa NSEC, cache flush A.0.9.0.A.6.2.1.4.9.6.7.F.7.D.F.6.6.1.1.B.1.8.6.1.0.2.0.5.0.4.2.ip6.arpa NSEC, cache flush C.5.7.7.C.A.E.F.F.F.B.9.5.5.C.3.0.0.0.0.0.0.0.0.0.0.0.0.0.8.E.F.ip6.arpa NSEC, cache flush Android.local"
"272","19.204411","ServercomPri_b6:4a:70","Broadcast","ARP","42","Who has 192.168.29.144? Tell 192.168.29.1"
"273","19.409332","2404:6800:4002:821::200e","2405:201:681b:1166:40ad:f3d6:7ed6:6dc4","UDP","343","443  >  52530 Len=281"
"274","19.413352","2405:201:681b:1166:40ad:f3d6:7ed6:6dc4","2404:6800:4002:821::200e","UDP","95","52530  >  443 Len=33"
"275","19.418862","2405:201:681b:1166:40ad:f3d6:7ed6:6dc4","2404:6800:4002:823::200e","UDP","1285","57523  >  443 Len=1223"
"276","19.418935","2405:201:681b:1166:40ad:f3d6:7ed6:6dc4","2404:6800:4002:823::200e","UDP","1292","57523  >  443 Len=1230"
"277","19.418956","2405:201:681b:1166:40ad:f3d6:7ed6:6dc4","2404:6800:4002:823::200e","UDP","1292","57523  >  443 Len=1230"
"278","19.418973","2405:201:681b:1166:40ad:f3d6:7ed6:6dc4","2404:6800:4002:823::200e","UDP","345","57523  >  443 Len=283"
"279","19.437477","2404:6800:4002:823::200e","2405:201:681b:1166:40ad:f3d6:7ed6:6dc4","UDP","95","443  >  57523 Len=33"
"280","19.444256","2405:201:681b:1166:40ad:f3d6:7ed6:6dc4","2404:6800:4002:823::200e","UDP","95","57523  >  443 Len=33"
"281","19.533902","2404:6800:4002:823::200e","2405:201:681b:1166:40ad:f3d6:7ed6:6dc4","UDP","1287","443  >  57523 Len=1225"
"282","19.533902","2404:6800:4002:823::200e","2405:201:681b:1166:40ad:f3d6:7ed6:6dc4","UDP","1292","443  >  57523 Len=1230"
"283","19.533902","2404:6800:4002:823::200e","2405:201:681b:1166:40ad:f3d6:7ed6:6dc4","UDP","110","443  >  57523 Len=48"
"284","19.533902","2404:6800:4002:823::200e","2405:201:681b:1166:40ad:f3d6:7ed6:6dc4","UDP","211","443  >  57523 Len=149"
"285","19.541200","2405:201:681b:1166:40ad:f3d6:7ed6:6dc4","2404:6800:4002:823::200e","UDP","102","57523  >  443 Len=40"
"286","19.556619","2404:6800:4002:823::200e","2405:201:681b:1166:40ad:f3d6:7ed6:6dc4","UDP","88","443  >  57523 Len=26"
"287","19.912870","2405:201:681b:1166:40ad:f3d6:7ed6:6dc4","2404:6800:4002:823::200e","UDP","1285","57523  >  443 Len=1223"
"288","19.912994","2405:201:681b:1166:40ad:f3d6:7ed6:6dc4","2404:6800:4002:823::200e","UDP","1292","57523  >  443 Len=1230"
"289","19.913023","2405:201:681b:1166:40ad:f3d6:7ed6:6dc4","2404:6800:4002:823::200e","UDP","1292","57523  >  443 Len=1230"
"290","19.913052","2405:201:681b:1166:40ad:f3d6:7ed6:6dc4","2404:6800:4002:823::200e","UDP","1082","57523  >  443 Len=1020"
"291","19.920165","2405:201:681b:1166:40ad:f3d6:7ed6:6dc4","2404:6800:4002:823::200e","UDP","1285","57523  >  443 Len=1223"
"292","19.920265","2405:201:681b:1166:40ad:f3d6:7ed6:6dc4","2404:6800:4002:823::200e","UDP","1292","57523  >  443 Len=1230"
"293","19.920295","2405:201:681b:1166:40ad:f3d6:7ed6:6dc4","2404:6800:4002:823::200e","UDP","1292","57523  >  443 Len=1230"
"294","19.920321","2405:201:681b:1166:40ad:f3d6:7ed6:6dc4","2404:6800:4002:823::200e","UDP","1239","57523  >  443 Len=1177"
"295","19.930085","2404:6800:4002:823::200e","2405:201:681b:1166:40ad:f3d6:7ed6:6dc4","UDP","89","443  >  57523 Len=27"
"296","19.930590","2405:201:681b:1166:40ad:f3d6:7ed6:6dc4","2404:6800:4002:823::200e","UDP","1285","57523  >  443 Len=1223"
"297","19.934188","2404:6800:4002:823::200e","2405:201:681b:1166:40ad:f3d6:7ed6:6dc4","UDP","89","443  >  57523 Len=27"
"298","19.934188","2404:6800:4002:823::200e","2405:201:681b:1166:40ad:f3d6:7ed6:6dc4","UDP","89","443  >  57523 Len=27"
"299","19.934188","2404:6800:4002:823::200e","2405:201:681b:1166:40ad:f3d6:7ed6:6dc4","UDP","89","443  >  57523 Len=27"
"300","19.934616","2405:201:681b:1166:40ad:f3d6:7ed6:6dc4","2404:6800:4002:823::200e","UDP","1292","57523  >  443 Len=1230"
"301","19.936399","2405:201:681b:1166:40ad:f3d6:7ed6:6dc4","2404:6800:4002:823::200e","UDP","1292","57523  >  443 Len=1230"
"302","19.937268","2404:6800:4002:823::200e","2405:201:681b:1166:40ad:f3d6:7ed6:6dc4","UDP","90","443  >  57523 Len=28"
"303","19.945340","2404:6800:4002:823::200e","2405:201:681b:1166:40ad:f3d6:7ed6:6dc4","UDP","100","443  >  57523 Len=38"
"304","19.949728","2405:201:681b:1166:40ad:f3d6:7ed6:6dc4","2404:6800:4002:823::200e","UDP","95","57523  >  443 Len=33"
"305","19.950451","2404:6800:4002:823::200e","2405:201:681b:1166:40ad:f3d6:7ed6:6dc4","UDP","89","443  >  57523 Len=27"
"306","20.028319","2404:6800:4002:823::200e","2405:201:681b:1166:40ad:f3d6:7ed6:6dc4","UDP","1287","443  >  57523 Len=1225"
"307","20.028319","2404:6800:4002:823::200e","2405:201:681b:1166:40ad:f3d6:7ed6:6dc4","UDP","1292","443  >  57523 Len=1230"
"308","20.028319","2404:6800:4002:823::200e","2405:201:681b:1166:40ad:f3d6:7ed6:6dc4","UDP","633","443  >  57523 Len=571"
"309","20.028319","2404:6800:4002:823::200e","2405:201:681b:1166:40ad:f3d6:7ed6:6dc4","UDP","113","443  >  57523 Len=51"
"310","20.033390","2405:201:681b:1166:40ad:f3d6:7ed6:6dc4","2404:6800:4002:823::200e","UDP","102","57523  >  443 Len=40"
"311","20.036232","2404:6800:4002:823::200e","2405:201:681b:1166:40ad:f3d6:7ed6:6dc4","UDP","1287","443  >  57523 Len=1225"
"312","20.036232","2404:6800:4002:823::200e","2405:201:681b:1166:40ad:f3d6:7ed6:6dc4","UDP","740","443  >  57523 Len=678"
"313","20.036232","2404:6800:4002:823::200e","2405:201:681b:1166:40ad:f3d6:7ed6:6dc4","UDP","214","443  >  57523 Len=152"
"314","20.039981","2405:201:681b:1166:40ad:f3d6:7ed6:6dc4","2404:6800:4002:823::200e","UDP","102","57523  >  443 Len=40"
"315","20.049616","2404:6800:4002:823::200e","2405:201:681b:1166:40ad:f3d6:7ed6:6dc4","UDP","88","443  >  57523 Len=26"
"316","20.057770","2404:6800:4002:823::200e","2405:201:681b:1166:40ad:f3d6:7ed6:6dc4","UDP","88","443  >  57523 Len=26"
"317","21.046801","fe80::f2ed:b8ff:feb6:4a70","ff02::1","ICMPv6","142","Router Advertisement from f0:ed:b8:b6:4a:70"
"318","21.251728","ServercomPri_b6:4a:70","Broadcast","ARP","42","Who has 192.168.29.52? Tell 192.168.29.1"
"319","21.610159","192.168.29.166","35.223.238.178","TCP","55","[TCP Keep-Alive] 49237  >  443 [ACK] Seq=1 Ack=1 Win=515 Len=1"
"320","21.969551","35.223.238.178","192.168.29.166","TCP","66","[TCP Keep-Alive ACK] 443  >  49237 [ACK] Seq=1 Ack=2 Win=319 Len=0 SLE=1 SRE=2"
"321","22.332120","192.168.29.166","35.223.238.178","TCP","55","[TCP Keep-Alive] 61266  >  443 [ACK] Seq=1 Ack=1 Win=514 Len=1"
"322","22.686109","35.223.238.178","192.168.29.166","TCP","66","[TCP Keep-Alive ACK] 443  >  61266 [ACK] Seq=1 Ack=2 Win=291 Len=0 SLE=1 SRE=2"
"323","22.780074","192.168.29.52","224.0.0.251","MDNS","191","Standard query 0x0000 ANY Android.local, ""QU"" question ANY Android.local, ""QU"" question ANY Android.local, ""QU"" question ANY Android.local, ""QU"" question A 192.168.29.52 AAAA 2405:201:681b:1166:3c55:9bff:feac:775c AAAA 2405:201:681b:1166:fd7f:7694:126a:90a AAAA fe80::3c55:9bff:feac:775c"
"324","22.780074","fe80::3c55:9bff:feac:775c","ff02::fb","MDNS","211","Standard query 0x0000 ANY Android.local, ""QU"" question ANY Android.local, ""QU"" question ANY Android.local, ""QU"" question ANY Android.local, ""QU"" question A 192.168.29.52 AAAA 2405:201:681b:1166:3c55:9bff:feac:775c AAAA 2405:201:681b:1166:fd7f:7694:126a:90a AAAA fe80::3c55:9bff:feac:775c"
"325","23.095057","192.168.29.1","224.0.0.1","IGMPv3","50","Membership Query, general"
"326","23.097570","192.168.29.52","224.0.0.251","MDNS","191","Standard query 0x0000 ANY Android.local, ""QM"" question ANY Android.local, ""QM"" question ANY Android.local, ""QM"" question ANY Android.local, ""QM"" question A 192.168.29.52 AAAA 2405:201:681b:1166:3c55:9bff:feac:775c AAAA 2405:201:681b:1166:fd7f:7694:126a:90a AAAA fe80::3c55:9bff:feac:775c"
"327","23.097871","fe80::3c55:9bff:feac:775c","ff02::fb","MDNS","211","Standard query 0x0000 ANY Android.local, ""QM"" question ANY Android.local, ""QM"" question ANY Android.local, ""QM"" question ANY Android.local, ""QM"" question A 192.168.29.52 AAAA 2405:201:681b:1166:3c55:9bff:feac:775c AAAA 2405:201:681b:1166:fd7f:7694:126a:90a AAAA fe80::3c55:9bff:feac:775c"
"328","23.301559","192.168.29.52","224.0.0.251","MDNS","191","Standard query 0x0000 ANY Android.local, ""QM"" question ANY Android.local, ""QM"" question ANY Android.local, ""QM"" question ANY Android.local, ""QM"" question A 192.168.29.52 AAAA 2405:201:681b:1166:3c55:9bff:feac:775c AAAA 2405:201:681b:1166:fd7f:7694:126a:90a AAAA fe80::3c55:9bff:feac:775c"
"329","23.301559","fe80::3c55:9bff:feac:775c","ff02::fb","MDNS","211","Standard query 0x0000 ANY Android.local, ""QM"" question ANY Android.local, ""QM"" question ANY Android.local, ""QM"" question ANY Android.local, ""QM"" question A 192.168.29.52 AAAA 2405:201:681b:1166:3c55:9bff:feac:775c AAAA 2405:201:681b:1166:fd7f:7694:126a:90a AAAA fe80::3c55:9bff:feac:775c"
"330","23.330049","ServercomPri_b6:4a:70","Broadcast","ARP","42","Who has 192.168.29.166? Tell 192.168.29.1"
"331","23.330102","Intel_16:48:65","ServercomPri_b6:4a:70","ARP","42","192.168.29.166 is at b0:dc:ef:16:48:65"
"332","23.607973","192.168.29.52","224.0.0.251","MDNS","505","Standard query response 0x0000 PTR, cache flush Android.local PTR, cache flush Android.local PTR, cache flush Android.local PTR, cache flush Android.local A, cache flush 192.168.29.52 AAAA, cache flush 2405:201:681b:1166:3c55:9bff:feac:775c AAAA, cache flush 2405:201:681b:1166:fd7f:7694:126a:90a AAAA, cache flush fe80::3c55:9bff:feac:775c NSEC, cache flush 52.29.168.192.in-addr.arpa NSEC, cache flush C.5.7.7.C.A.E.F.F.F.B.9.5.5.C.3.6.6.1.1.B.1.8.6.1.0.2.0.5.0.4.2.ip6.arpa NSEC, cache flush A.0.9.0.A.6.2.1.4.9.6.7.F.7.D.F.6.6.1.1.B.1.8.6.1.0.2.0.5.0.4.2.ip6.arpa NSEC, cache flush C.5.7.7.C.A.E.F.F.F.B.9.5.5.C.3.0.0.0.0.0.0.0.0.0.0.0.0.0.8.E.F.ip6.arpa NSEC, cache flush Android.local"
"333","23.607973","fe80::3c55:9bff:feac:775c","ff02::fb","MDNS","525","Standard query response 0x0000 PTR, cache flush Android.local PTR, cache flush Android.local PTR, cache flush Android.local PTR, cache flush Android.local A, cache flush 192.168.29.52 AAAA, cache flush 2405:201:681b:1166:3c55:9bff:feac:775c AAAA, cache flush 2405:201:681b:1166:fd7f:7694:126a:90a AAAA, cache flush fe80::3c55:9bff:feac:775c NSEC, cache flush 52.29.168.192.in-addr.arpa NSEC, cache flush C.5.7.7.C.A.E.F.F.F.B.9.5.5.C.3.6.6.1.1.B.1.8.6.1.0.2.0.5.0.4.2.ip6.arpa NSEC, cache flush A.0.9.0.A.6.2.1.4.9.6.7.F.7.D.F.6.6.1.1.B.1.8.6.1.0.2.0.5.0.4.2.ip6.arpa NSEC, cache flush C.5.7.7.C.A.E.F.F.F.B.9.5.5.C.3.0.0.0.0.0.0.0.0.0.0.0.0.0.8.E.F.ip6.arpa NSEC, cache flush Android.local"
"334","24.119950","2404:6800:4002:821::200e","2405:201:681b:1166:40ad:f3d6:7ed6:6dc4","UDP","141","443  >  52530 Len=79"
"335","24.130971","2405:201:681b:1166:40ad:f3d6:7ed6:6dc4","2404:6800:4002:821::200e","UDP","95","52530  >  443 Len=33"
"336","24.427382","ServercomPri_b6:4a:70","Intel_16:48:65","ARP","42","Who has 192.168.29.166? Tell 192.168.29.1"
"337","24.427423","Intel_16:48:65","ServercomPri_b6:4a:70","ARP","42","192.168.29.166 is at b0:dc:ef:16:48:65"
"338","24.651635","192.168.29.52","224.0.0.251","MDNS","505","Standard query response 0x0000 PTR, cache flush Android.local PTR, cache flush Android.local PTR, cache flush Android.local PTR, cache flush Android.local A, cache flush 192.168.29.52 AAAA, cache flush 2405:201:681b:1166:3c55:9bff:feac:775c AAAA, cache flush 2405:201:681b:1166:fd7f:7694:126a:90a AAAA, cache flush fe80::3c55:9bff:feac:775c NSEC, cache flush 52.29.168.192.in-addr.arpa NSEC, cache flush C.5.7.7.C.A.E.F.F.F.B.9.5.5.C.3.6.6.1.1.B.1.8.6.1.0.2.0.5.0.4.2.ip6.arpa NSEC, cache flush A.0.9.0.A.6.2.1.4.9.6.7.F.7.D.F.6.6.1.1.B.1.8.6.1.0.2.0.5.0.4.2.ip6.arpa NSEC, cache flush C.5.7.7.C.A.E.F.F.F.B.9.5.5.C.3.0.0.0.0.0.0.0.0.0.0.0.0.0.8.E.F.ip6.arpa NSEC, cache flush Android.local"
"339","24.651635","fe80::3c55:9bff:feac:775c","ff02::fb","MDNS","525","Standard query response 0x0000 PTR, cache flush Android.local PTR, cache flush Android.local PTR, cache flush Android.local PTR, cache flush Android.local A, cache flush 192.168.29.52 AAAA, cache flush 2405:201:681b:1166:3c55:9bff:feac:775c AAAA, cache flush 2405:201:681b:1166:fd7f:7694:126a:90a AAAA, cache flush fe80::3c55:9bff:feac:775c NSEC, cache flush 52.29.168.192.in-addr.arpa NSEC, cache flush C.5.7.7.C.A.E.F.F.F.B.9.5.5.C.3.6.6.1.1.B.1.8.6.1.0.2.0.5.0.4.2.ip6.arpa NSEC, cache flush A.0.9.0.A.6.2.1.4.9.6.7.F.7.D.F.6.6.1.1.B.1.8.6.1.0.2.0.5.0.4.2.ip6.arpa NSEC, cache flush C.5.7.7.C.A.E.F.F.F.B.9.5.5.C.3.0.0.0.0.0.0.0.0.0.0.0.0.0.8.E.F.ip6.arpa NSEC, cache flush Android.local"
"340","24.923251","192.168.29.166","224.0.0.22","IGMPv3","54","Membership Report / Join group 239.255.255.250 for any sources"
"341","26.577809","192.168.29.52","224.0.0.251","MDNS","505","Standard query response 0x0000 PTR, cache flush Android.local PTR, cache flush Android.local PTR, cache flush Android.local PTR, cache flush Android.local A, cache flush 192.168.29.52 AAAA, cache flush 2405:201:681b:1166:3c55:9bff:feac:775c AAAA, cache flush 2405:201:681b:1166:fd7f:7694:126a:90a AAAA, cache flush fe80::3c55:9bff:feac:775c NSEC, cache flush 52.29.168.192.in-addr.arpa NSEC, cache flush C.5.7.7.C.A.E.F.F.F.B.9.5.5.C.3.6.6.1.1.B.1.8.6.1.0.2.0.5.0.4.2.ip6.arpa NSEC, cache flush A.0.9.0.A.6.2.1.4.9.6.7.F.7.D.F.6.6.1.1.B.1.8.6.1.0.2.0.5.0.4.2.ip6.arpa NSEC, cache flush C.5.7.7.C.A.E.F.F.F.B.9.5.5.C.3.0.0.0.0.0.0.0.0.0.0.0.0.0.8.E.F.ip6.arpa NSEC, cache flush Android.local"
"342","26.577809","fe80::3c55:9bff:feac:775c","ff02::fb","MDNS","525","Standard query response 0x0000 PTR, cache flush Android.local PTR, cache flush Android.local PTR, cache flush Android.local PTR, cache flush Android.local A, cache flush 192.168.29.52 AAAA, cache flush 2405:201:681b:1166:3c55:9bff:feac:775c AAAA, cache flush 2405:201:681b:1166:fd7f:7694:126a:90a AAAA, cache flush fe80::3c55:9bff:feac:775c NSEC, cache flush 52.29.168.192.in-addr.arpa NSEC, cache flush C.5.7.7.C.A.E.F.F.F.B.9.5.5.C.3.6.6.1.1.B.1.8.6.1.0.2.0.5.0.4.2.ip6.arpa NSEC, cache flush A.0.9.0.A.6.2.1.4.9.6.7.F.7.D.F.6.6.1.1.B.1.8.6.1.0.2.0.5.0.4.2.ip6.arpa NSEC, cache flush C.5.7.7.C.A.E.F.F.F.B.9.5.5.C.3.0.0.0.0.0.0.0.0.0.0.0.0.0.8.E.F.ip6.arpa NSEC, cache flush Android.local"
"343","26.913468","2405:201:681b:1166:40ad:f3d6:7ed6:6dc4","2404:6800:4002:823::200e","UDP","1285","57523  >  443 Len=1223"
"344","26.913566","2405:201:681b:1166:40ad:f3d6:7ed6:6dc4","2404:6800:4002:823::200e","UDP","1292","57523  >  443 Len=1230"
"345","26.913594","2405:201:681b:1166:40ad:f3d6:7ed6:6dc4","2404:6800:4002:823::200e","UDP","1292","57523  >  443 Len=1230"
"346","26.913619","2405:201:681b:1166:40ad:f3d6:7ed6:6dc4","2404:6800:4002:823::200e","UDP","1292","57523  >  443 Len=1230"
"347","26.913646","2405:201:681b:1166:40ad:f3d6:7ed6:6dc4","2404:6800:4002:823::200e","UDP","100","57523  >  443 Len=38"
"348","26.929722","2404:6800:4002:823::200e","2405:201:681b:1166:40ad:f3d6:7ed6:6dc4","UDP","95","443  >  57523 Len=33"
"349","26.933965","2404:6800:4002:823::200e","2405:201:681b:1166:40ad:f3d6:7ed6:6dc4","UDP","88","443  >  57523 Len=26"
"350","26.934702","2405:201:681b:1166:40ad:f3d6:7ed6:6dc4","2404:6800:4002:823::200e","UDP","94","57523  >  443 Len=32"
"351","27.020924","2404:6800:4002:823::200e","2405:201:681b:1166:40ad:f3d6:7ed6:6dc4","UDP","1287","443  >  57523 Len=1225"
"352","27.020924","2404:6800:4002:823::200e","2405:201:681b:1166:40ad:f3d6:7ed6:6dc4","UDP","533","443  >  57523 Len=471"
"353","27.020924","2404:6800:4002:823::200e","2405:201:681b:1166:40ad:f3d6:7ed6:6dc4","UDP","148","443  >  57523 Len=86"
"354","27.028568","2405:201:681b:1166:40ad:f3d6:7ed6:6dc4","2404:6800:4002:823::200e","UDP","102","57523  >  443 Len=40"
"355","27.042246","2404:6800:4002:823::200e","2405:201:681b:1166:40ad:f3d6:7ed6:6dc4","UDP","88","443  >  57523 Len=26"
"356","27.105964","192.168.29.166","35.223.238.178","TCP","55","[TCP Keep-Alive] 61278  >  443 [ACK] Seq=273 Ack=326 Win=513 Len=1"
"357","27.396609","35.223.238.178","192.168.29.166","TCP","66","[TCP Keep-Alive ACK] 443  >  61278 [ACK] Seq=326 Ack=274 Win=299 Len=0 SLE=273 SRE=274"
"358","27.922487","192.168.29.166","224.0.0.22","IGMPv3","54","Membership Report / Join group 224.0.0.251 for any sources"
"359","28.010992","2404:6800:4002:821::200e","2405:201:681b:1166:40ad:f3d6:7ed6:6dc4","UDP","343","443  >  52530 Len=281"
"360","28.016731","2405:201:681b:1166:40ad:f3d6:7ed6:6dc4","2404:6800:4002:821::200e","UDP","95","52530  >  443 Len=33"
"361","28.024482","2405:201:681b:1166:40ad:f3d6:7ed6:6dc4","2404:6800:4002:823::200e","UDP","1285","57523  >  443 Len=1223"
"362","28.024570","2405:201:681b:1166:40ad:f3d6:7ed6:6dc4","2404:6800:4002:823::200e","UDP","1292","57523  >  443 Len=1230"
"363","28.024600","2405:201:681b:1166:40ad:f3d6:7ed6:6dc4","2404:6800:4002:823::200e","UDP","1292","57523  >  443 Len=1230"
"364","28.024628","2405:201:681b:1166:40ad:f3d6:7ed6:6dc4","2404:6800:4002:823::200e","UDP","349","57523  >  443 Len=287"
"365","28.038109","2404:6800:4002:823::200e","2405:201:681b:1166:40ad:f3d6:7ed6:6dc4","UDP","95","443  >  57523 Len=33"
"366","28.041480","2404:6800:4002:823::200e","2405:201:681b:1166:40ad:f3d6:7ed6:6dc4","UDP","88","443  >  57523 Len=26"
"367","28.042077","2405:201:681b:1166:40ad:f3d6:7ed6:6dc4","2404:6800:4002:823::200e","UDP","94","57523  >  443 Len=32"
"368","28.215578","2404:6800:4002:823::200e","2405:201:681b:1166:40ad:f3d6:7ed6:6dc4","UDP","1287","443  >  57523 Len=1225"
"369","28.215578","2404:6800:4002:823::200e","2405:201:681b:1166:40ad:f3d6:7ed6:6dc4","UDP","1292","443  >  57523 Len=1230"
"370","28.215578","2404:6800:4002:823::200e","2405:201:681b:1166:40ad:f3d6:7ed6:6dc4","UDP","432","443  >  57523 Len=370"
"371","28.215578","2404:6800:4002:823::200e","2405:201:681b:1166:40ad:f3d6:7ed6:6dc4","UDP","286","443  >  57523 Len=224"
"372","28.215578","2404:6800:4002:823::200e","2405:201:681b:1166:40ad:f3d6:7ed6:6dc4","UDP","1287","443  >  57523 Len=1225"
"373","28.216577","2405:201:681b:1166:40ad:f3d6:7ed6:6dc4","2404:6800:4002:823::200e","UDP","103","57523  >  443 Len=41"
"374","28.230046","2404:6800:4002:823::200e","2405:201:681b:1166:40ad:f3d6:7ed6:6dc4","UDP","88","443  >  57523 Len=26"
"375","29.443222","2405:201:681b:1166:40ad:f3d6:7ed6:6dc4","2a04:4e42:8d::684","TCP","75","60399  >  443 [ACK] Seq=1 Ack=1 Win=16555 Len=1"
"376","29.648995","2a04:4e42:8d::684","2405:201:681b:1166:40ad:f3d6:7ed6:6dc4","TCP","86","443  >  60399 [ACK] Seq=1 Ack=2 Win=294 Len=0 SLE=1 SRE=2"
"377","30.059612","2404:6800:4002:821::200e","2405:201:681b:1166:40ad:f3d6:7ed6:6dc4","UDP","343","443  >  52530 Len=281"
"378","30.059725","34.95.44.106","192.168.29.166","TCP","54","[TCP Keep-Alive] 443  >  65088 [ACK] Seq=1 Ack=1 Win=489 Len=0"
"379","30.059789","192.168.29.166","34.95.44.106","TCP","54","[TCP Keep-Alive ACK] 65088  >  443 [ACK] Seq=1 Ack=2 Win=511 Len=0"
"380","30.064434","2405:201:681b:1166:40ad:f3d6:7ed6:6dc4","2404:6800:4002:821::200e","UDP","95","52530  >  443 Len=33"
"381","30.071989","2405:201:681b:1166:40ad:f3d6:7ed6:6dc4","2404:6800:4002:823::200e","UDP","1285","57523  >  443 Len=1223"
"382","30.072103","2405:201:681b:1166:40ad:f3d6:7ed6:6dc4","2404:6800:4002:823::200e","UDP","1292","57523  >  443 Len=1230"
"383","30.072139","2405:201:681b:1166:40ad:f3d6:7ed6:6dc4","2404:6800:4002:823::200e","UDP","1292","57523  >  443 Len=1230"
"384","30.072170","2405:201:681b:1166:40ad:f3d6:7ed6:6dc4","2404:6800:4002:823::200e","UDP","346","57523  >  443 Len=284"
"385","30.088757","2404:6800:4002:823::200e","2405:201:681b:1166:40ad:f3d6:7ed6:6dc4","UDP","95","443  >  57523 Len=33"
"386","30.096994","2405:201:681b:1166:40ad:f3d6:7ed6:6dc4","2404:6800:4002:823::200e","UDP","95","57523  >  443 Len=33"
"387","30.097845","2404:6800:4002:823::200e","2405:201:681b:1166:40ad:f3d6:7ed6:6dc4","UDP","88","443  >  57523 Len=26"
"388","30.188765","2404:6800:4002:823::200e","2405:201:681b:1166:40ad:f3d6:7ed6:6dc4","UDP","1287","443  >  57523 Len=1225"
"389","30.188765","2404:6800:4002:823::200e","2405:201:681b:1166:40ad:f3d6:7ed6:6dc4","UDP","1292","443  >  57523 Len=1230"
"390","30.188765","2404:6800:4002:823::200e","2405:201:681b:1166:40ad:f3d6:7ed6:6dc4","UDP","235","443  >  57523 Len=173"
"391","30.188765","2404:6800:4002:823::200e","2405:201:681b:1166:40ad:f3d6:7ed6:6dc4","UDP","291","443  >  57523 Len=229"
"392","30.193656","2405:201:681b:1166:40ad:f3d6:7ed6:6dc4","2404:6800:4002:823::200e","UDP","101","57523  >  443 Len=39"
"393","30.216999","2404:6800:4002:823::200e","2405:201:681b:1166:40ad:f3d6:7ed6:6dc4","UDP","88","443  >  57523 Len=26"
"394","30.248339","2405:201:681b:1166:40ad:f3d6:7ed6:6dc4","2404:6800:4002:825::2003","QUIC","1292","Initial, DCID=7dba03888811b37f, PKN: 1, PING, CRYPTO, PING, CRYPTO, PING, CRYPTO, PING"
"395","30.248589","2405:201:681b:1166:40ad:f3d6:7ed6:6dc4","2404:6800:4002:825::2003","QUIC","1292","Initial, DCID=7dba03888811b37f, PKN: 2, CRYPTO, CRYPTO, PING"
"396","30.248834","2405:201:681b:1166:40ad:f3d6:7ed6:6dc4","2404:6800:4002:825::2003","QUIC","144","0-RTT, DCID=7dba03888811b37f"
"397","30.249296","2405:201:681b:1166:40ad:f3d6:7ed6:6dc4","2404:6800:4002:825::2003","QUIC","946","0-RTT, DCID=7dba03888811b37f"
"398","30.262942","2404:6800:4002:825::2003","2405:201:681b:1166:40ad:f3d6:7ed6:6dc4","QUIC","102","Initial, SCID=fdba03888811b37f, PKN: 1, ACK"
"399","30.266481","2404:6800:4002:825::2003","2405:201:681b:1166:40ad:f3d6:7ed6:6dc4","QUIC","1292","Initial, SCID=fdba03888811b37f, PKN: 2, ACK, PADDING"
"400","30.283838","2405:201:681b:1166:40ad:f3d6:7ed6:6dc4","2404:6800:4002:825::2003","QUIC","1292","Initial, DCID=fdba03888811b37f, PKN: 6, PADDING, PING, PADDING"
"401","30.298304","2404:6800:4002:825::2003","2405:201:681b:1166:40ad:f3d6:7ed6:6dc4","QUIC","1292","Initial, SCID=fdba03888811b37f, PKN: 3, ACK, PADDING"
"402","30.330423","2404:6800:4002:825::2003","2405:201:681b:1166:40ad:f3d6:7ed6:6dc4","QUIC","1292","Initial, SCID=fdba03888811b37f, PKN: 4, CRYPTO, PADDING"
"403","30.330423","2404:6800:4002:825::2003","2405:201:681b:1166:40ad:f3d6:7ed6:6dc4","QUIC","452","Protected Payload (KP0)"
"404","30.330423","2404:6800:4002:825::2003","2405:201:681b:1166:40ad:f3d6:7ed6:6dc4","QUIC","902","Protected Payload (KP0)"
"405","30.330423","2404:6800:4002:825::2003","2405:201:681b:1166:40ad:f3d6:7ed6:6dc4","QUIC","194","Protected Payload (KP0)"
"406","30.330423","2404:6800:4002:825::2003","2405:201:681b:1166:40ad:f3d6:7ed6:6dc4","QUIC","86","Protected Payload (KP0)"
"407","30.330423","2404:6800:4002:825::2003","2405:201:681b:1166:40ad:f3d6:7ed6:6dc4","QUIC","269","Protected Payload (KP0)"
"408","30.332064","2405:201:681b:1166:40ad:f3d6:7ed6:6dc4","2404:6800:4002:825::2003","QUIC","140","Handshake, DCID=fdba03888811b37f"
"409","30.332331","2405:201:681b:1166:40ad:f3d6:7ed6:6dc4","2404:6800:4002:825::2003","QUIC","93","Protected Payload (KP0), DCID=fdba03888811b37f"
"410","30.332528","2405:201:681b:1166:40ad:f3d6:7ed6:6dc4","2404:6800:4002:825::2003","QUIC","97","Protected Payload (KP0), DCID=fdba03888811b37f"
"411","30.346305","2404:6800:4002:825::2003","2405:201:681b:1166:40ad:f3d6:7ed6:6dc4","QUIC","182","Protected Payload (KP0)"
"412","30.346305","2404:6800:4002:825::2003","2405:201:681b:1166:40ad:f3d6:7ed6:6dc4","QUIC","87","Protected Payload (KP0)"
"413","30.374296","2405:201:681b:1166:40ad:f3d6:7ed6:6dc4","2404:6800:4002:825::2003","QUIC","94","Protected Payload (KP0), DCID=fdba03888811b37f"
"414","30.571006","192.168.29.52","224.0.0.251","MDNS","505","Standard query response 0x0000 PTR, cache flush Android.local PTR, cache flush Android.local PTR, cache flush Android.local PTR, cache flush Android.local A, cache flush 192.168.29.52 AAAA, cache flush 2405:201:681b:1166:3c55:9bff:feac:775c AAAA, cache flush 2405:201:681b:1166:fd7f:7694:126a:90a AAAA, cache flush fe80::3c55:9bff:feac:775c NSEC, cache flush 52.29.168.192.in-addr.arpa NSEC, cache flush C.5.7.7.C.A.E.F.F.F.B.9.5.5.C.3.6.6.1.1.B.1.8.6.1.0.2.0.5.0.4.2.ip6.arpa NSEC, cache flush A.0.9.0.A.6.2.1.4.9.6.7.F.7.D.F.6.6.1.1.B.1.8.6.1.0.2.0.5.0.4.2.ip6.arpa NSEC, cache flush C.5.7.7.C.A.E.F.F.F.B.9.5.5.C.3.0.0.0.0.0.0.0.0.0.0.0.0.0.8.E.F.ip6.arpa NSEC, cache flush Android.local"
"415","30.571006","fe80::3c55:9bff:feac:775c","ff02::fb","MDNS","525","Standard query response 0x0000 PTR, cache flush Android.local PTR, cache flush Android.local PTR, cache flush Android.local PTR, cache flush Android.local A, cache flush 192.168.29.52 AAAA, cache flush 2405:201:681b:1166:3c55:9bff:feac:775c AAAA, cache flush 2405:201:681b:1166:fd7f:7694:126a:90a AAAA, cache flush fe80::3c55:9bff:feac:775c NSEC, cache flush 52.29.168.192.in-addr.arpa NSEC, cache flush C.5.7.7.C.A.E.F.F.F.B.9.5.5.C.3.6.6.1.1.B.1.8.6.1.0.2.0.5.0.4.2.ip6.arpa NSEC, cache flush A.0.9.0.A.6.2.1.4.9.6.7.F.7.D.F.6.6.1.1.B.1.8.6.1.0.2.0.5.0.4.2.ip6.arpa NSEC, cache flush C.5.7.7.C.A.E.F.F.F.B.9.5.5.C.3.0.0.0.0.0.0.0.0.0.0.0.0.0.8.E.F.ip6.arpa NSEC, cache flush Android.local"
"416","31.429296","192.168.29.166","224.0.0.22","IGMPv3","54","Membership Report / Join group 224.0.0.252 for any sources"
"417","33.531634","2405:201:681b:1166:40ad:f3d6:7ed6:6dc4","2405:201:681b:1166::c0a8:1d01","DNS","99","Standard query 0xbda8 AAAA unleash.codeium.com"
"418","33.535584","2405:201:681b:1166::c0a8:1d01","2405:201:681b:1166:40ad:f3d6:7ed6:6dc4","DNS","99","Standard query response 0xbda8 AAAA unleash.codeium.com"
"419","33.536571","192.168.29.166","35.223.238.178","TCP","66","50720  >  443 [SYN] Seq=0 Win=64240 Len=0 MSS=1460 WS=256 SACK_PERM"
"420","33.848590","35.223.238.178","192.168.29.166","TCP","66","443  >  50720 [SYN, ACK] Seq=0 Ack=1 Win=42600 Len=0 MSS=1420 SACK_PERM WS=128"
"421","33.848815","192.168.29.166","35.223.238.178","TCP","54","50720  >  443 [ACK] Seq=1 Ack=1 Win=131840 Len=0"
"422","33.849633","192.168.29.166","35.223.238.178","TLSv1.3","571","Client Hello (SNI=unleash.codeium.com)"
"423","33.911902","2405:201:681b:1166:40ad:f3d6:7ed6:6dc4","2404:6800:4002:823::200e","UDP","1285","57523  >  443 Len=1223"
"424","33.912004","2405:201:681b:1166:40ad:f3d6:7ed6:6dc4","2404:6800:4002:823::200e","UDP","1292","57523  >  443 Len=1230"
"425","33.912037","2405:201:681b:1166:40ad:f3d6:7ed6:6dc4","2404:6800:4002:823::200e","UDP","1292","57523  >  443 Len=1230"
"426","33.912066","2405:201:681b:1166:40ad:f3d6:7ed6:6dc4","2404:6800:4002:823::200e","UDP","1079","57523  >  443 Len=1017"
"427","33.928889","2404:6800:4002:823::200e","2405:201:681b:1166:40ad:f3d6:7ed6:6dc4","UDP","95","443  >  57523 Len=33"
"428","33.936426","2405:201:681b:1166:40ad:f3d6:7ed6:6dc4","2404:6800:4002:823::200e","UDP","95","57523  >  443 Len=33"
"429","34.012011","2404:6800:4002:823::200e","2405:201:681b:1166:40ad:f3d6:7ed6:6dc4","UDP","1287","443  >  57523 Len=1225"
"430","34.012011","2404:6800:4002:823::200e","2405:201:681b:1166:40ad:f3d6:7ed6:6dc4","UDP","529","443  >  57523 Len=467"
"431","34.012011","2404:6800:4002:823::200e","2405:201:681b:1166:40ad:f3d6:7ed6:6dc4","UDP","118","443  >  57523 Len=56"
"432","34.028420","2405:201:681b:1166:40ad:f3d6:7ed6:6dc4","2404:6800:4002:823::200e","UDP","102","57523  >  443 Len=40"
"433","34.044243","2404:6800:4002:823::200e","2405:201:681b:1166:40ad:f3d6:7ed6:6dc4","UDP","88","443  >  57523 Len=26"
"434","34.092582","2404:6800:4002:821::200e","2405:201:681b:1166:40ad:f3d6:7ed6:6dc4","UDP","343","443  >  52530 Len=281"
"435","34.099579","2405:201:681b:1166:40ad:f3d6:7ed6:6dc4","2404:6800:4002:821::200e","UDP","95","52530  >  443 Len=33"
"436","34.107430","2405:201:681b:1166:40ad:f3d6:7ed6:6dc4","2404:6800:4002:823::200e","UDP","1285","57523  >  443 Len=1223"
"437","34.107566","2405:201:681b:1166:40ad:f3d6:7ed6:6dc4","2404:6800:4002:823::200e","UDP","1292","57523  >  443 Len=1230"
"438","34.107602","2405:201:681b:1166:40ad:f3d6:7ed6:6dc4","2404:6800:4002:823::200e","UDP","1292","57523  >  443 Len=1230"
"439","34.107634","2405:201:681b:1166:40ad:f3d6:7ed6:6dc4","2404:6800:4002:823::200e","UDP","187","57523  >  443 Len=125"
"440","34.115502","35.223.238.178","192.168.29.166","TCP","54","443  >  50720 [ACK] Seq=1 Ack=518 Win=42112 Len=0"
"441","34.118469","35.223.238.178","192.168.29.166","TLSv1.3","1474","Server Hello, Change Cipher Spec, Application Data"
"442","34.118469","35.223.238.178","192.168.29.166","TLSv1.3","1474","Application Data"
"443","34.118587","35.223.238.178","192.168.29.166","TLSv1.3","391","Application Data, Application Data"
"444","34.118733","192.168.29.166","35.223.238.178","TCP","54","50720  >  443 [ACK] Seq=518 Ack=2841 Win=131840 Len=0"
"445","34.121082","192.168.29.166","35.223.238.178","TLSv1.3","929","Change Cipher Spec, Application Data, Application Data"
"446","34.124333","2404:6800:4002:823::200e","2405:201:681b:1166:40ad:f3d6:7ed6:6dc4","UDP","95","443  >  57523 Len=33"
"447","34.130525","2405:201:681b:1166:40ad:f3d6:7ed6:6dc4","2404:6800:4002:823::200e","UDP","95","57523  >  443 Len=33"
"448","34.325883","2405:201:681b:1166:40ad:f3d6:7ed6:6dc4","2404:6800:4002:823::200e","UDP","91","57523  >  443 Len=29"
"449","34.328488","2404:6800:4002:823::200e","2405:201:681b:1166:40ad:f3d6:7ed6:6dc4","UDP","1287","443  >  57523 Len=1225"
"450","34.328488","2404:6800:4002:823::200e","2405:201:681b:1166:40ad:f3d6:7ed6:6dc4","UDP","1292","443  >  57523 Len=1230"
"451","34.328488","2404:6800:4002:823::200e","2405:201:681b:1166:40ad:f3d6:7ed6:6dc4","UDP","226","443  >  57523 Len=164"
"452","34.328488","2404:6800:4002:823::200e","2405:201:681b:1166:40ad:f3d6:7ed6:6dc4","UDP","279","443  >  57523 Len=217"
"453","34.328488","2404:6800:4002:823::200e","2405:201:681b:1166:40ad:f3d6:7ed6:6dc4","UDP","1287","443  >  57523 Len=1225"
"454","34.329496","2405:201:681b:1166:40ad:f3d6:7ed6:6dc4","2404:6800:4002:823::200e","UDP","103","57523  >  443 Len=41"
"455","34.343877","2404:6800:4002:823::200e","2405:201:681b:1166:40ad:f3d6:7ed6:6dc4","UDP","88","443  >  57523 Len=26"
"456","34.389032","35.223.238.178","192.168.29.166","TLSv1.3","133","Application Data"
"457","34.389032","35.223.238.178","192.168.29.166","TLSv1.3","133","Application Data"
"458","34.389139","35.223.238.178","192.168.29.166","TLSv1.3","317","Application Data"
"459","34.389139","35.223.238.178","192.168.29.166","TLSv1.3","78","Application Data"
"460","34.389139","35.223.238.178","192.168.29.166","TCP","54","443  >  50720 [FIN, ACK] Seq=3623 Ack=1393 Win=41600 Len=0"
"461","34.389243","192.168.29.166","35.223.238.178","TCP","54","50720  >  443 [ACK] Seq=1393 Ack=3336 Win=131328 Len=0"
"462","34.389367","192.168.29.166","35.223.238.178","TCP","54","50720  >  443 [ACK] Seq=1393 Ack=3623 Win=131072 Len=0"
"463","34.389404","192.168.29.166","35.223.238.178","TCP","54","50720  >  443 [ACK] Seq=1393 Ack=3624 Win=131072 Len=0"
"464","34.390424","192.168.29.166","35.223.238.178","TLSv1.3","78","Application Data"
"465","34.390701","192.168.29.166","35.223.238.178","TCP","54","50720  >  443 [FIN, ACK] Seq=1417 Ack=3624 Win=131072 Len=0"
"466","34.667847","35.223.238.178","192.168.29.166","TCP","54","443  >  50720 [ACK] Seq=3624 Ack=1418 Win=41600 Len=0"
"467","35.179093","2404:6800:4002:821::200e","2405:201:681b:1166:40ad:f3d6:7ed6:6dc4","UDP","343","443  >  52530 Len=281"
"468","35.184975","2405:201:681b:1166:40ad:f3d6:7ed6:6dc4","2404:6800:4002:821::200e","UDP","95","52530  >  443 Len=33"
"469","35.193433","2405:201:681b:1166:40ad:f3d6:7ed6:6dc4","2404:6800:4002:823::200e","UDP","1285","57523  >  443 Len=1223"
"470","35.193535","2405:201:681b:1166:40ad:f3d6:7ed6:6dc4","2404:6800:4002:823::200e","UDP","1292","57523  >  443 Len=1230"
"471","35.193573","2405:201:681b:1166:40ad:f3d6:7ed6:6dc4","2404:6800:4002:823::200e","UDP","1292","57523  >  443 Len=1230"
"472","35.193607","2405:201:681b:1166:40ad:f3d6:7ed6:6dc4","2404:6800:4002:823::200e","UDP","347","57523  >  443 Len=285"
"473","35.207997","2404:6800:4002:823::200e","2405:201:681b:1166:40ad:f3d6:7ed6:6dc4","UDP","95","443  >  57523 Len=33"
"474","35.223788","2405:201:681b:1166:40ad:f3d6:7ed6:6dc4","2404:6800:4002:823::200e","UDP","95","57523  >  443 Len=33"
"475","35.296844","2404:6800:4002:823::200e","2405:201:681b:1166:40ad:f3d6:7ed6:6dc4","UDP","1287","443  >  57523 Len=1225"
"476","35.296844","2404:6800:4002:823::200e","2405:201:681b:1166:40ad:f3d6:7ed6:6dc4","UDP","658","443  >  57523 Len=596"
"477","35.297026","2404:6800:4002:823::200e","2405:201:681b:1166:40ad:f3d6:7ed6:6dc4","UDP","147","443  >  57523 Len=85"
"478","35.303672","2405:201:681b:1166:40ad:f3d6:7ed6:6dc4","2404:6800:4002:823::200e","UDP","102","57523  >  443 Len=40"
"479","35.320272","2404:6800:4002:823::200e","2405:201:681b:1166:40ad:f3d6:7ed6:6dc4","UDP","88","443  >  57523 Len=26"
"480","35.382388","192.168.29.166","35.223.238.178","TLSv1.2","453","Ignored Unknown Record"
"481","35.588535","2404:6800:4002:821::200e","2405:201:681b:1166:40ad:f3d6:7ed6:6dc4","UDP","343","443  >  52530 Len=281"
"482","35.598786","2405:201:681b:1166:40ad:f3d6:7ed6:6dc4","2404:6800:4002:821::200e","UDP","95","52530  >  443 Len=33"
"483","35.614686","2405:201:681b:1166:40ad:f3d6:7ed6:6dc4","2404:6800:4002:823::200e","UDP","1285","57523  >  443 Len=1223"
"484","35.614786","2405:201:681b:1166:40ad:f3d6:7ed6:6dc4","2404:6800:4002:823::200e","UDP","1292","57523  >  443 Len=1230"
"485","35.614811","2405:201:681b:1166:40ad:f3d6:7ed6:6dc4","2404:6800:4002:823::200e","UDP","1292","57523  >  443 Len=1230"
"486","35.614843","2405:201:681b:1166:40ad:f3d6:7ed6:6dc4","2404:6800:4002:823::200e","UDP","187","57523  >  443 Len=125"
"487","35.628672","2404:6800:4002:823::200e","2405:201:681b:1166:40ad:f3d6:7ed6:6dc4","UDP","100","443  >  57523 Len=38"
"488","35.631028","2404:6800:4002:823::200e","2405:201:681b:1166:40ad:f3d6:7ed6:6dc4","UDP","88","443  >  57523 Len=26"
"489","35.637257","2405:201:681b:1166:40ad:f3d6:7ed6:6dc4","2404:6800:4002:823::200e","UDP","95","57523  >  443 Len=33"
"490","35.651100","35.223.238.178","192.168.29.166","TCP","54","443  >  49237 [ACK] Seq=1 Ack=401 Win=316 Len=0"
"491","35.655612","35.223.238.178","192.168.29.166","TCP","1474","443  >  49237 [ACK] Seq=1 Ack=401 Win=316 Len=1420 [TCP PDU reassembled in 493]"
"492","35.655612","35.223.238.178","192.168.29.166","TCP","1474","443  >  49237 [PSH, ACK] Seq=1421 Ack=401 Win=316 Len=1420 [TCP PDU reassembled in 493]"
"493","35.655612","35.223.238.178","192.168.29.166","TLSv1.2","1332","Application Data"
"494","35.655612","35.223.238.178","192.168.29.166","TLSv1.2","160","Application Data"
"495","35.655612","35.223.238.178","192.168.29.166","TCP","1474","443  >  49237 [ACK] Seq=4225 Ack=401 Win=316 Len=1420 [TCP PDU reassembled in 497]"
"496","35.655612","35.223.238.178","192.168.29.166","TCP","1474","443  >  49237 [PSH, ACK] Seq=5645 Ack=401 Win=316 Len=1420 [TCP PDU reassembled in 497]"
"497","35.655612","35.223.238.178","192.168.29.166","TLSv1.2","1332","Application Data"
"498","35.655800","35.223.238.178","192.168.29.166","TLSv1.2","84","Application Data"
"499","35.655800","35.223.238.178","192.168.29.166","TCP","1474","443  >  49237 [ACK] Seq=8373 Ack=401 Win=316 Len=1420 [TCP PDU reassembled in 513]"
"500","35.655800","35.223.238.178","192.168.29.166","TCP","1474","443  >  49237 [PSH, ACK] Seq=9793 Ack=401 Win=316 Len=1420 [TCP PDU reassembled in 513]"
"501","35.655854","192.168.29.166","35.223.238.178","TCP","54","49237  >  443 [ACK] Seq=401 Ack=2841 Win=515 Len=0"
"502","35.655982","192.168.29.166","35.223.238.178","TCP","54","49237  >  443 [ACK] Seq=401 Ack=4225 Win=510 Len=0"
"503","35.656029","192.168.29.166","35.223.238.178","TCP","54","49237  >  443 [ACK] Seq=401 Ack=7065 Win=515 Len=0"
"504","35.656075","192.168.29.166","35.223.238.178","TCP","54","49237  >  443 [ACK] Seq=401 Ack=8373 Win=510 Len=0"
"505","35.656111","192.168.29.166","35.223.238.178","TCP","54","49237  >  443 [ACK] Seq=401 Ack=11213 Win=515 Len=0"
"506","35.736708","2404:6800:4002:823::200e","2405:201:681b:1166:40ad:f3d6:7ed6:6dc4","UDP","1287","443  >  57523 Len=1225"
"507","35.736826","2404:6800:4002:823::200e","2405:201:681b:1166:40ad:f3d6:7ed6:6dc4","UDP","1292","443  >  57523 Len=1230"
"508","35.736857","2404:6800:4002:823::200e","2405:201:681b:1166:40ad:f3d6:7ed6:6dc4","UDP","420","443  >  57523 Len=358"
"509","35.736857","2404:6800:4002:823::200e","2405:201:681b:1166:40ad:f3d6:7ed6:6dc4","UDP","280","443  >  57523 Len=218"
"510","35.747240","2405:201:681b:1166:40ad:f3d6:7ed6:6dc4","2404:6800:4002:823::200e","UDP","102","57523  >  443 Len=40"
"511","35.762789","2404:6800:4002:823::200e","2405:201:681b:1166:40ad:f3d6:7ed6:6dc4","UDP","88","443  >  57523 Len=26"
"512","35.954164","2405:201:681b:1166:40ad:f3d6:7ed6:6dc4","2404:6800:4002:814::2003","QUIC","165","Protected Payload (KP0), DCID=ecb9a45cd88caed6"
"513","35.956537","35.223.238.178","192.168.29.166","TLSv1.2","1474","Application Data, Application Data"
"514","35.956537","35.223.238.178","192.168.29.166","TCP","1474","443  >  49237 [PSH, ACK] Seq=12633 Ack=401 Win=316 Len=1420 [TCP PDU reassembled in 516]"
"515","35.956537","35.223.238.178","192.168.29.166","TCP","1474","443  >  49237 [ACK] Seq=14053 Ack=401 Win=316 Len=1420 [TCP PDU reassembled in 516]"
"516","35.956537","35.223.238.178","192.168.29.166","TLSv1.2","1474","Application Data, Application Data"
"517","35.956537","35.223.238.178","192.168.29.166","TCP","1474","443  >  49237 [ACK] Seq=16893 Ack=401 Win=316 Len=1420 [TCP PDU reassembled in 519]"
"518","35.956537","35.223.238.178","192.168.29.166","TCP","1474","443  >  49237 [PSH, ACK] Seq=18313 Ack=401 Win=316 Len=1420 [TCP PDU reassembled in 519]"
"519","35.956537","35.223.238.178","192.168.29.166","TLSv1.2","1474","Application Data, Application Data"
"520","35.956537","35.223.238.178","192.168.29.166","TCP","1474","443  >  49237 [PSH, ACK] Seq=21153 Ack=401 Win=316 Len=1420 [TCP PDU reassembled in 522]"
"521","35.956537","35.223.238.178","192.168.29.166","TCP","1474","443  >  49237 [ACK] Seq=22573 Ack=401 Win=316 Len=1420 [TCP PDU reassembled in 522]"
"522","35.956537","35.223.238.178","192.168.29.166","TLSv1.2","1474","Application Data, Application Data"
"523","35.956537","35.223.238.178","192.168.29.166","TCP","1474","443  >  49237 [ACK] Seq=25413 Ack=401 Win=316 Len=1420 [TCP PDU reassembled in 525]"
"524","35.956537","35.223.238.178","192.168.29.166","TCP","1474","443  >  49237 [PSH, ACK] Seq=26833 Ack=401 Win=316 Len=1420 [TCP PDU reassembled in 525]"
"525","35.956537","35.223.238.178","192.168.29.166","TLSv1.2","1474","Application Data, Application Data"
"526","35.956537","35.223.238.178","192.168.29.166","TCP","1474","443  >  49237 [PSH, ACK] Seq=29673 Ack=401 Win=316 Len=1420 [TCP PDU reassembled in 528]"
"527","35.956537","35.223.238.178","192.168.29.166","TCP","1474","443  >  49237 [ACK] Seq=31093 Ack=401 Win=316 Len=1420 [TCP PDU reassembled in 528]"
"528","35.956537","35.223.238.178","192.168.29.166","TLSv1.2","1474","Application Data, Application Data"
"529","35.956537","35.223.238.178","192.168.29.166","TCP","1474","443  >  49237 [ACK] Seq=33933 Ack=401 Win=316 Len=1420 [TCP PDU reassembled in 530]"
"530","35.956537","35.223.238.178","192.168.29.166","TLSv1.2","1474","Application Data"
"531","35.956537","35.223.238.178","192.168.29.166","TLSv1.2","119","Application Data, Application Data"
"532","35.956908","192.168.29.166","35.223.238.178","TCP","54","49237  >  443 [ACK] Seq=401 Ack=36773 Win=515 Len=0"
"533","35.995238","2404:6800:4002:814::2003","2405:201:681b:1166:40ad:f3d6:7ed6:6dc4","QUIC","94","Protected Payload (KP0)"
"534","35.998171","192.168.29.166","35.223.238.178","TCP","54","49237  >  443 [ACK] Seq=401 Ack=36838 Win=515 Len=0"
"535","36.026427","2405:201:681b:1166:40ad:f3d6:7ed6:6dc4","2404:6800:4002:814::2003","QUIC","94","Protected Payload (KP0), DCID=ecb9a45cd88caed6"
"536","36.037472","2404:6800:4002:814::2003","2405:201:681b:1166:40ad:f3d6:7ed6:6dc4","QUIC","177","Protected Payload (KP0)"
"537","36.038558","2404:6800:4002:814::2003","2405:201:681b:1166:40ad:f3d6:7ed6:6dc4","QUIC","84","Protected Payload (KP0)"
"538","36.039071","2405:201:681b:1166:40ad:f3d6:7ed6:6dc4","2404:6800:4002:814::2003","QUIC","97","Protected Payload (KP0), DCID=ecb9a45cd88caed6"
"539","36.079798","2404:6800:4002:814::2003","2405:201:681b:1166:40ad:f3d6:7ed6:6dc4","QUIC","86","Protected Payload (KP0)"
"540","36.154205","2405:201:681b:1166:40ad:f3d6:7ed6:6dc4","2404:6800:4002:823::200e","UDP","1285","57523  >  443 Len=1223"
"541","36.154317","2405:201:681b:1166:40ad:f3d6:7ed6:6dc4","2404:6800:4002:823::200e","UDP","1292","57523  >  443 Len=1230"
"542","36.154350","2405:201:681b:1166:40ad:f3d6:7ed6:6dc4","2404:6800:4002:823::200e","UDP","1292","57523  >  443 Len=1230"
"543","36.154379","2405:201:681b:1166:40ad:f3d6:7ed6:6dc4","2404:6800:4002:823::200e","UDP","1292","57523  >  443 Len=1230"
"544","36.154423","2405:201:681b:1166:40ad:f3d6:7ed6:6dc4","2404:6800:4002:823::200e","UDP","201","57523  >  443 Len=139"
"545","36.171452","2404:6800:4002:823::200e","2405:201:681b:1166:40ad:f3d6:7ed6:6dc4","UDP","95","443  >  57523 Len=33"
"546","36.175684","2405:201:681b:1166:40ad:f3d6:7ed6:6dc4","2404:6800:4002:823::200e","UDP","95","57523  >  443 Len=33"
"547","36.257910","2404:6800:4002:821::200e","2405:201:681b:1166:40ad:f3d6:7ed6:6dc4","UDP","343","443  >  52530 Len=281"
"548","36.264578","2404:6800:4002:823::200e","2405:201:681b:1166:40ad:f3d6:7ed6:6dc4","UDP","1287","443  >  57523 Len=1225"
"549","36.264683","2404:6800:4002:823::200e","2405:201:681b:1166:40ad:f3d6:7ed6:6dc4","UDP","762","443  >  57523 Len=700"
"550","36.264683","2404:6800:4002:823::200e","2405:201:681b:1166:40ad:f3d6:7ed6:6dc4","UDP","211","443  >  57523 Len=149"
"551","36.265350","2405:201:681b:1166:40ad:f3d6:7ed6:6dc4","2404:6800:4002:821::200e","UDP","100","52530  >  443 Len=38"
"552","36.268158","2405:201:681b:1166:40ad:f3d6:7ed6:6dc4","2404:6800:4002:823::200e","UDP","102","57523  >  443 Len=40"
"553","36.274370","2405:201:681b:1166:40ad:f3d6:7ed6:6dc4","2404:6800:4002:823::200e","UDP","1285","57523  >  443 Len=1223"
"554","36.274481","2405:201:681b:1166:40ad:f3d6:7ed6:6dc4","2404:6800:4002:823::200e","UDP","1292","57523  >  443 Len=1230"
"555","36.274519","2405:201:681b:1166:40ad:f3d6:7ed6:6dc4","2404:6800:4002:823::200e","UDP","1292","57523  >  443 Len=1230"
"556","36.274548","2405:201:681b:1166:40ad:f3d6:7ed6:6dc4","2404:6800:4002:823::200e","UDP","416","57523  >  443 Len=354"
"557","36.281788","2404:6800:4002:821::200e","2405:201:681b:1166:40ad:f3d6:7ed6:6dc4","UDP","88","443  >  52530 Len=26"
"558","36.283190","2404:6800:4002:823::200e","2405:201:681b:1166:40ad:f3d6:7ed6:6dc4","UDP","88","443  >  57523 Len=26"
"559","36.290716","2404:6800:4002:823::200e","2405:201:681b:1166:40ad:f3d6:7ed6:6dc4","UDP","95","443  >  57523 Len=33"
"560","36.304053","2405:201:681b:1166:40ad:f3d6:7ed6:6dc4","2404:6800:4002:823::200e","UDP","95","57523  >  443 Len=33"
"561","36.491190","192.168.29.166","35.223.238.178","TLSv1.2","351","Application Data"
"562","36.491301","192.168.29.166","35.223.238.178","TLSv1.2","271","Application Data"
"563","36.493268","192.168.29.166","35.223.238.178","TLSv1.2","346","Ignored Unknown Record"
"564","36.493699","2404:6800:4002:823::200e","2405:201:681b:1166:40ad:f3d6:7ed6:6dc4","UDP","1287","443  >  57523 Len=1225"
"565","36.493699","2404:6800:4002:823::200e","2405:201:681b:1166:40ad:f3d6:7ed6:6dc4","UDP","1261","443  >  57523 Len=1199"
"566","36.493699","2404:6800:4002:823::200e","2405:201:681b:1166:40ad:f3d6:7ed6:6dc4","UDP","129","443  >  57523 Len=67"
"567","36.493699","2404:6800:4002:823::200e","2405:201:681b:1166:40ad:f3d6:7ed6:6dc4","UDP","1287","443  >  57523 Len=1225"
"568","36.494362","2405:201:681b:1166:40ad:f3d6:7ed6:6dc4","2404:6800:4002:823::200e","UDP","103","57523  >  443 Len=41"
"569","36.510708","2404:6800:4002:823::200e","2405:201:681b:1166:40ad:f3d6:7ed6:6dc4","UDP","88","443  >  57523 Len=26"
"570","36.817595","35.223.238.178","192.168.29.166","TCP","54","443  >  61266 [ACK] Seq=1 Ack=294 Win=289 Len=0"
"571","36.817595","35.223.238.178","192.168.29.166","TLSv1.2","385","Application Data"
"572","36.817595","35.223.238.178","192.168.29.166","TCP","54","443  >  61278 [ACK] Seq=326 Ack=571 Win=297 Len=0"
"573","36.817595","35.223.238.178","192.168.29.166","TCP","54","443  >  61278 [ACK] Seq=326 Ack=788 Win=296 Len=0"
"574","36.817595","35.223.238.178","192.168.29.166","TCP","1474","443  >  61278 [ACK] Seq=326 Ack=788 Win=296 Len=1420 [TCP PDU reassembled in 575]"
"575","36.817595","35.223.238.178","192.168.29.166","TLSv1.2","105","Application Data"
"576","36.818043","192.168.29.166","35.223.238.178","TCP","54","61278  >  443 [ACK] Seq=788 Ack=1797 Win=515 Len=0"
"577","36.866784","192.168.29.166","35.223.238.178","TCP","54","61266  >  443 [ACK] Seq=294 Ack=332 Win=513 Len=0"
"578","37.124661","2404:6800:4002:821::200e","2405:201:681b:1166:40ad:f3d6:7ed6:6dc4","UDP","343","443  >  52530 Len=281"
"579","37.128846","2405:201:681b:1166:40ad:f3d6:7ed6:6dc4","2404:6800:4002:821::200e","UDP","95","52530  >  443 Len=33"
"580","37.135054","2405:201:681b:1166:40ad:f3d6:7ed6:6dc4","2404:6800:4002:823::200e","UDP","1285","57523  >  443 Len=1223"
"581","37.135147","2405:201:681b:1166:40ad:f3d6:7ed6:6dc4","2404:6800:4002:823::200e","UDP","1292","57523  >  443 Len=1230"
"582","37.135175","2405:201:681b:1166:40ad:f3d6:7ed6:6dc4","2404:6800:4002:823::200e","UDP","1292","57523  >  443 Len=1230"
"583","37.135201","2405:201:681b:1166:40ad:f3d6:7ed6:6dc4","2404:6800:4002:823::200e","UDP","346","57523  >  443 Len=284"
"584","37.157803","2404:6800:4002:823::200e","2405:201:681b:1166:40ad:f3d6:7ed6:6dc4","UDP","95","443  >  57523 Len=33"
"585","37.165513","2405:201:681b:1166:40ad:f3d6:7ed6:6dc4","2404:6800:4002:823::200e","UDP","95","57523  >  443 Len=33"
"586","37.256609","2404:6800:4002:823::200e","2405:201:681b:1166:40ad:f3d6:7ed6:6dc4","UDP","1287","443  >  57523 Len=1225"
"587","37.256609","2404:6800:4002:823::200e","2405:201:681b:1166:40ad:f3d6:7ed6:6dc4","UDP","1281","443  >  57523 Len=1219"
"588","37.256609","2404:6800:4002:823::200e","2405:201:681b:1166:40ad:f3d6:7ed6:6dc4","UDP","122","443  >  57523 Len=60"
"589","37.261906","2405:201:681b:1166:40ad:f3d6:7ed6:6dc4","2404:6800:4002:823::200e","UDP","102","57523  >  443 Len=40"
"590","37.263242","192.168.29.166","35.223.238.178","TCP","66","50764  >  443 [SYN] Seq=0 Win=64240 Len=0 MSS=1460 WS=256 SACK_PERM"
"591","37.279067","2404:6800:4002:823::200e","2405:201:681b:1166:40ad:f3d6:7ed6:6dc4","UDP","88","443  >  57523 Len=26"
"592","37.636542","35.223.238.178","192.168.29.166","TCP","66","443  >  50764 [SYN, ACK] Seq=0 Ack=1 Win=42600 Len=0 MSS=1420 SACK_PERM WS=128"
